item_id,name,image_id,flavor
b99f8334-bad9-41e6-8e2e-1a03522dfe6f,The Poet,1cff56cd-da07-4656-96a6-175190073174,b99f8334-bad9-41e6-8e2e-1a03522dfe6f
5827588a-a3f3-49c2-9cae-87c78674ed63,Sexy Rexy,,Shrub
97a8e6be-8de2-494b-9934-009d2ba13ce5,Madame Massot,,NO FLAVOR
c2e14253-2463-493d-af86-bb9a4a1734f3,Smiley Face,daf78662-cc44-4d83-a489-a3adcd82dcc6,Strong
bc53df37-3e88-48cf-aaa1-37a2bd207550,Reichsprasident Von Hindenburg,e398973b-12f9-44e8-aeec-3998617e788e,bc53df37-3e88-48cf-aaa1-37a2bd207550
95bd5a3f-8440-4267-99a6-f202a302c633,Golden Giant,bb7720ed-ff48-439b-a523-939913a79b38,Hybrid tea
109573cf-808f-467b-95de-bfe84ba3eb3d,Pohjolan Kuningatar,41edbc48-af7f-43fe-b0b1-72fefa3769b7,Showy
360e2889-955d-4407-8c95-3dd1aa9101ee,Blanche Neige,30f09af1-a0bc-42ed-903f-cf23df91bba1,Good
ba6869d6-c9a7-4e3d-acef-0548252eb8ff,Piptocalyx,50ca1e00-ae04-4952-bfa7-ab46c44351fa,ba6869d6-c9a7-4e3d-acef-0548252eb8ff
31fd81a4-f26f-408b-b40f-10be34f51437,Hi Ho,e8c1699b-ecc4-45b3-a066-a61a72f1fbf2,Miniature
721bd5a1-d24c-478b-91b2-c029e853e15b,Robert Winston,2c1c92d7-2d6b-45d2-b564-ea4a4462aacd,721bd5a1-d24c-478b-91b2-c029e853e15b
e3af0d78-743f-4e71-89da-0271686de56d,Ville Du Roeulx,6045d02c-8b54-4944-b000-8b298a6cb6fd,NO FLAVOR
70691cbe-4da3-4592-acd7-f178e8932556,Heckenfeuer,,70691cbe-4da3-4592-acd7-f178e8932556
a945130d-668b-4662-a3bb-d2c573b637a0,Petit Pink,,NO FLAVOR
63825fd8-71dd-4aaa-ad76-d816fa34620a,Reine Des Violettes,,3-6 feet
103240cc-09fa-4f8a-9811-b464d08aa68f,Sidonie,b0df0fdf-5e14-415f-8e0f-a231e30a7d44,Deciduous
ffea05b2-44b7-490b-8345-917d6ae55863,Harriny,,Medium pink
f0c7f411-7181-4221-8c48-c58a65a5bd67,Jean Ducher,c9552b4d-06ac-4cfa-b240-bc5877df4e74,Jean Ducher
1f0aa26d-ca0d-425b-ac83-0a416d82949e,Sir Walter Raleigh,24b15bb7-bce5-4bad-855f-b4b782043b98,Deciduous
dc4e0fb7-6c61-4afe-b979-1b8ea23f7abf,Little Red Run Around,42b2543c-fd65-44b8-841a-b546bb61502a,Perennial
1c672b21-f107-49fb-bbed-dfcc9da9150e,Baby Masquerade,,Deciduous
fb76a551-161f-4b3d-9169-deacabaf6ef8,Lemon Meringue,,4-5 feet
8f18943f-415a-4fc2-a5d0-91bceb5b15f5,Classic Woman,,Showy
efedcb5e-c32f-4fb5-8108-66bd348975d7,Ginger Syllabub,,Strong
0faa80f6-393f-4363-aeb4-f94f02bb88c9,Lava Gold,,Perennial
cd6cd094-0099-475a-9164-0c8d4752d2f6,Rosie ODonnell,2c27640f-d64f-4a70-9204-7a8caaa2d994,Shrub
55980823-9bbb-4256-84f1-b995d283b9ff,Ritter Von Barmstede,,NO FLAVOR
3800a1f0-fca5-4494-b29e-6f56b365286d,Nouveau Monde,550ab238-f0c1-4d78-a3a3-723e193d42d0,NO FLAVOR
cdeea4de-6973-4eaf-a3f2-3126475f415a,Magic Dragon,d1a19eb2-00a9-4935-957a-a246e3a9c62c,Showy
91424748-6ab5-4cd7-9201-2d20f26ec70b,Nutkana Var Hispida,ca0f6651-69d1-4573-aa1c-5eefe251aac4,Perennial
261561b9-6e11-4067-b9c0-411d603f49ee,Mon Petit Chou,,Perennial
8ee2ab17-5be5-4515-8fb1-a35763604bac,Orange Sunblaze,,Orange Sunblaze
89f5df41-58d5-4cd0-8ed0-dabeb0f75b2a,Louise Catherine Breslau,,Moderate
db54b3ca-cedb-4e84-804d-20579700119e,Pink Leda,7e9e6020-0628-4b38-9749-c247c407bce6,None
ebe694df-a92f-4e4d-a242-1420020e0c09,Conquerors Gold,1b199cbf-2c60-4405-be95-dfe61246238d,Showy
b8a05e22-1fdb-4d7d-ae04-5ef5910139d9,Lady Godiva,,NO FLAVOR
9402b034-f65b-490d-8967-e2d7a299aa9c,Sarah Van Fleet,4e9de878-0429-43b8-8ac3-c727cc6904cf,1631
0517521e-c2aa-4221-8aef-e7ec4cce2e62,Morning Dawn,fb60cf04-7326-4bbf-8214-bee80b064fd5,Deciduous
097a564c-0fef-44cd-8591-80c9ff132729,White Cloud,,Bees
aa97b996-dffe-49fd-8f49-edcffa83cdab,Rainbow,2695eec5-3289-4fad-a85a-d98c18082171,NO FLAVOR
93c2bde5-a0e0-440a-92fb-9991b14a0ac0,Neon Lights,337b4389-c1f7-4f80-8a7e-33fb7afb7373,Strong
4d8cbaf8-e977-44ba-8dc9-69ef19c20874,Porcelaine De Chine,,4d8cbaf8-e977-44ba-8dc9-69ef19c20874
37308854-d33a-4568-a835-a5d7f91856d4,Lady Hillingdon,7d78840d-2390-45e1-a99e-8779cee55fb8,Lady Hillingdon
9762d6d0-23e6-4486-88bb-b42c9f159d4c,Nipponensis,239e565e-75c1-41f2-b1da-19c69c253389,Shrub
bd392f0a-a69b-4449-9e03-bde3e648a474,Emi,99b9da10-c4a7-462d-bfa1-6042dc71048f,Floribunda
f837004a-3138-49ef-bd8e-273fb6138573,Madhatter,,Perennial
b8c26c81-3f1c-4ce1-a5d1-0c8fdaf0ebf2,Madame Joseph Schwartz,f72ebc87-e1eb-482e-9697-3cefa9ce552c,NO FLAVOR
35527f74-aaee-4729-86e8-bc16eb887cbf,Loyal Friend,d8d6c6ef-bc99-420e-9eb7-052d1eba0018,5-6 feet
20b38ca3-4f6c-4d36-93b9-b185d9d024bb,Mystic Fairy,,Mild
5397c05a-93ba-4569-8954-384d0d9bb48a,Maggie,609c2be5-d07e-422e-9ad6-515d9ba863c0,8
97827594-a7a1-430d-b6f7-c2d0224fd0de,Show Stopper,5e2d6ad1-db37-456a-a800-8f14e167d32c,Showy
8e16bc86-b60d-49fa-8f4f-100fa3a0a75e,Sir Cedric Morris,8a212bee-5d3f-4fa7-8fec-ffdd611be384,1
3fdf6ffc-53f8-4b35-a8d9-02d12c891497,High Hopes,50ea044f-6884-46ac-b547-58b88d46c9bb,2750
3e96f6dc-3371-4731-81a8-52a86285e71c,La Rose De Molinard,,4-5 feet
8c1de525-f99d-4d4c-a0fe-76e8f46df4ff,Liverpool Echo,,Floribunda
36b4228a-90d5-472a-93de-71bc78ad9e7e,The Lady Gardener,c19b1ead-2b7d-420f-9bfe-14f7276ec8ba,Bees
fea5f47a-4d9f-48df-87ee-4e76d300e02e,Patriot Song,ded81e86-694f-448a-b23a-7a5c8acf3eec,NO FLAVOR
8a986986-5d94-4da5-adf8-015972c0ce2b,Kardinal Kolorscape,a32f1f35-053c-4b7b-9035-4f5c31b56a74,NO FLAVOR
c3140008-da68-4c0e-9dd1-2dbd5d2d53f0,Starshine,bb596afc-8acc-4feb-a5f7-14535be34d3a,NO FLAVOR
90cf3fe3-bba1-4dcc-ab64-9724ecff7f9d,High Esteem,836f1452-2d84-4570-bd18-f07731d311e1,Showy
ba942509-2e1e-4029-b19b-4a4394aa6822,Novalis,726a12d7-37b1-438a-9c2a-169919e8e240,ba942509-2e1e-4029-b19b-4a4394aa6822
b6a4f74e-e522-42bf-a1dd-5fbae3ebfe89,Blue Mist,588ef71f-2f10-4850-8e47-3923700511a5,Perennial
a44f5b65-b698-40b6-8c7c-4cb0d98fa4f7,Peacekeeper,,High-centered
bd296a0b-b4de-4967-9537-3a38da936c71,Louis Gimard,,827
fa797aea-aa7a-4f52-b615-a5a1d3958b62,Little Sunset,c65a5850-dd84-4540-8bc6-ca72ed8aff59,10-16 inches
ef51a9ef-6ab7-4e4c-b060-7f5ceb0bd987,Rosenfee,,2-4 feet
a24f2adb-5a3e-4d3d-bb77-298a977e5dea,Wimi,f15ace46-27f8-4ce4-83c1-2e204f94a29b,8
aeb04387-3f9d-4b0a-ae24-24668aed9204,Tranquility,a53d772c-b1ef-4aee-8ae3-1c7d428e4f0d,2-3 feet
216a113b-ee42-4452-9242-91d6f805bd15,Improved Cecile Brunner,c71e1c60-3d1d-4491-affa-3d2c0db777f8,1453
054385b1-6dc6-4dd0-afc1-20158dba3c32,Irish Hope,04c001de-da7e-4558-8576-aa7a763ecdc7,Cupped
365a4409-44e9-40e3-be2f-577fac965e0b,Night Owl,025a614d-dc36-4569-b329-664d59f8fbb9,Night Owl
e886373d-3fb5-402d-878b-c08aa6e96707,Hauraki,823d52c7-0aa0-462a-9791-1e5d8dfff083,e886373d-3fb5-402d-878b-c08aa6e96707
3fbe81d9-cb23-4fea-944f-205b77ca2e4a,Hot Kiss Kordana,61793da0-e498-4fbb-aad3-d61e3c465553,528010
b14e03e6-8a61-4f11-b98f-8f904996781c,Tropical Amazone,5e7411a1-500c-4a30-bf4f-937fd8e35d8d,676048
c9f728e7-59ca-4262-8df0-33ad546c7db0,Kommodore,32e49d6e-9026-4e87-951e-8e1dbe7459e6,c9f728e7-59ca-4262-8df0-33ad546c7db0
21d53ec0-2543-42cc-9012-146505d08a4c,Lady In Waiting,eee28d1c-f997-413f-8d31-52a6df031731,186019
50310fb3-328f-425e-9899-01f4bff6ec99,Peggy Rockefeller,fb03ae4b-223d-4ac6-ba6e-6b57b2d99608,Bees
a8474651-e1c0-4d85-bd67-d89f129d7b39,Sven,dd10088e-34d5-4294-b6ec-9b1d01c38026,Deciduous
56d66fe9-1d72-4f02-a155-bdeb20fd0954,Magenta Floorshow,94719275-25b4-4974-a5d8-b025b8be63be,Magenta Floorshow
6b2fb85a-8291-4e9b-b2bc-84f568c73ae8,Persian Sunset,3db54909-48ca-4b7b-ab27-0280258a28e9,NO FLAVOR
7e5db648-4341-4730-9a2b-00518db89458,Rosenresli,759d3554-79bd-400a-bfde-29bed2d7bfa1,Bees
9195b8dc-206c-48c4-84cd-4fa925897193,Magic Beauty,,Bees
5b0ea0a3-8261-4cdc-b0bd-ace0eba8d5e6,Jalitah,4471f713-1d28-403e-80b8-027b7988efd3,Showy
f98095c8-749d-47ce-8f91-a09894f77c61,Tresor Du Jardin,1dfcdc1a-a796-4d0d-8aaa-86f68f0d13d9,Shrub
1014a35a-256c-44b6-9e81-f02e9b1c9a91,Rhodophile Gravereaux,347c64f2-a04e-4ae8-a080-3e1494480d48,1014a35a-256c-44b6-9e81-f02e9b1c9a91
36d16ebe-96f6-4215-950e-14beb8f49a06,Mr Chips,8fb4b7e7-ea3a-4254-a694-254d923fc6db,775128
47e79a6d-b8f4-45f7-8b83-ae0f3e59180a,Oakington Ruby,,NO FLAVOR
cc44b941-f8c9-4382-a7cb-db1bbd62b0dc,Pauls Pride,c4bad78b-558e-4408-8878-36e72bb1212c,4-5 feet
753b8b55-82d1-426a-82af-3e29ebb80049,Alice Hamilton,f5ccf626-0fa9-4a41-a395-ef795b7248ee,3-4 feet
eacdd126-9569-4a8b-88a8-ce36cb859ae6,Sequoia Twist,696dce5b-7e1a-43c7-9311-e711f5ef988f,1-2 feet
65d30653-72ae-4082-8c9d-375e137c688e,Pennies From Heaven,6731efda-c115-45c9-9b84-3ff5e817ac44,1
2f0965f0-c0db-4cc3-8ef5-81ea45d77266,Horatio Nelson,186cfe5c-2ad1-4f97-a871-9120465546fe,2-4 feet
3405bacb-04ee-41e2-bf3b-20e3d1dc786b,Sunday Brunch,b04c58a8-1366-4b2c-b822-3ad6bbed487d,Perennial
76fdc729-745b-46f9-a9df-928553b90bfd,Wee Jock,,3054
a1ecc2f0-d406-4bda-afb3-54c5bd4c5cbf,Acicularis,befe99df-e44a-494d-8693-741f87198dfd,Moderate
ea6947ef-bc85-4a1d-83a8-79e1468cdf81,Pompon Flower Circus,,Showy
8753b2be-4336-4d4b-b38d-d7d7db3e6481,Terrazza Bella,,Bees
b83038d4-cff2-4035-b079-f0e2dc049c40,Timothy Eaton,de53776d-4616-4080-a402-22d088efa440,NO FLAVOR
e75dbaee-e404-48ca-be7e-a16e9684737d,Blaze Of Glory,6be84775-9d86-4d24-bc73-5bb77cf4a8fe,3174
24dfdfdf-6a4c-4de0-9539-19197bff453a,Poulsens Bedder,fcfd1ec4-b7b0-4e88-b09b-ab57a851bae0,NO FLAVOR
343c0deb-9239-49c0-a10f-ce44e974530f,Bambey,3c8cc8f3-0646-479a-956c-72647c58ada6,3-4 feet
64f11f18-2266-4967-bb37-01f2df24ec3f,Oso Happy Smoothie,,NO FLAVOR
54f4f0e4-9592-444b-a506-bdaf05784514,Home Of Time,6a2f5503-49a4-457b-9183-794e2eb56ba7,Russet
77382611-dc1a-4f5d-b1eb-c61142df020f,Music Maker,,Deciduous
09e72fa5-0ec9-4255-b247-130f41be5c55,Pirouette,864fc0dd-5929-40d1-b1c4-bac544a6d104,Pirouette
f6d23612-3717-4b3b-bdf4-5e27e9d45687,Lady Sadie,,3 feet
c0e27dfb-26a5-467d-901b-44e4f729ca8b,Sweet Arlene,2c0ff38d-9e07-4718-8ad4-be9d5b6e481d,Shrub
75136811-a8b0-47d2-a7d3-76b42a42a166,Jeanne DArc,270994b2-49e2-4226-92c0-51c30e8cd6c4,White and white blend
2ef08598-4745-4422-b9f6-a0918fd86080,Wasagaming,64fdd9db-4368-4210-b94b-ba54b0d4bde7,Perennial
c10bb8de-ab5d-4a76-95bf-316be9ddb58b,Pink Wonder,,Bees
70c8c562-b3e4-4e98-abeb-1f788a2d7c63,Tuscany,80eb16a7-f7ef-4cc3-bd2b-d7c178ff0ae5,Strong
2b9be6b8-af53-43bf-9c3b-3af25b4bc709,Soleil Rouge,bc5d28bd-266d-43de-8974-9321d54eea90,NO FLAVOR
8a1f5768-cf57-4a7a-98b6-a4dd4b05381f,Kardinal 85,,NO FLAVOR
41e63e67-120f-411f-9b61-890736811b99,Sunspray,bf17b367-f968-41fa-8d3a-e6d537cdf3a8,554044
acc43fda-3e5c-49d1-bffe-32fb07f06c09,Madame Violet,68ff24f1-4e92-4115-a8b3-c374df7d162c,Bees
90242552-4de1-463a-9607-1e81df423d0b,Knirps,62f289df-8c15-4e20-95ed-baebb7a9760a,None
4fdd8c10-3e72-4c5c-a39a-38e97e989ba3,Salmon Wings,,Full Sun
f26b2a47-a828-483b-9b87-eec0b6b25146,Monsoon,92301cac-c4e9-42b9-b2a6-313a2008eeff,Good
5450bf61-9430-4609-b231-744344f1f1cd,The Brownie Rose,,"Short, 2-3 feet, bushy"
b03e2a84-a8e4-4f14-ba37-df2df10b1216,Louisville Lady,21c6d98a-6718-413a-b19e-2c7fd6355f2c,Miniature
fc20fa7f-b898-48d5-89d0-702476be4f47,Robbie Burns,1a9335d0-fcd7-40e7-97c2-5ff679a4d1e6,Pink
cea888dc-f156-4bd1-9998-310c82934f44,Red Sunblaze,,Perennial
688a666d-640a-4a89-ad40-727f2c909d06,Satchmo,c265b511-9126-488f-8926-b1063b6684e6,Deciduous
7da15d46-3963-40f7-89fa-a622260712e7,Snowbird,4770d597-b75a-45d5-89e0-ce8c599dccd9,Hybrid tea
dda0d923-ce9e-4762-8907-c01e74602f80,Jilly Jewel,,Deciduous
50e500de-2572-4079-832a-1e3f321892b1,Purple Rain,,Shrub
8f509eac-2277-40a8-b025-64392e70e1f4,Sebastian Schultheis,370931d7-a0f9-4666-a13e-4e316979c793,Shrub
4ea7a1fa-47e9-4981-8eb5-6fd14ce297ab,Iluse,30d9a5d1-4e3e-49d7-9bfe-076104957c61,4041
eeef5cdb-0154-47ab-9164-4b6a66fd9ed2,Minerva,b30e4985-e96c-4e1a-bb0e-04f8f745b46e,Full Sun
263d5726-ef20-4cb9-af40-f3a5afd8a20d,Justine Ramet,8a83093f-9c19-40ec-8d88-6e0d64c3bd1b,Justine Ramet
40b31676-648c-46bf-b2f5-b70654c57a42,Kristall,f59190e7-d265-4199-aa02-4807c58ca2bc,Perennial
25273cff-354c-4311-9465-801a5f389aee,Kings Macc,e28f9d97-a0f2-42ef-b006-90235b7db533,Good
bf4d27e0-58da-40e0-9a11-533f76ffb7b0,Irene,de4379c4-5385-462d-aa9e-a063e29725c1,Shrub
c3c83593-a775-48ee-bfc4-0bcbc559fe66,Richmond,,698586
4360ecd5-0e5b-43eb-96d5-e0a5bb3cfdab,Orange Fire,f0d6c0b9-6469-4dde-9e6a-56633a3d4474,NO FLAVOR
d066694a-67b2-4e5b-b5fb-6582bef6073a,Harold Macmillan,,NO FLAVOR
18853a00-9a97-44b7-804d-f305c863bfd4,Chivalry,0555856c-bbd0-41f6-ad10-8d4391b91e8e,High-centered
e1452108-cd85-451c-931b-5ba7f305253a,Lady Kathryn,4338feb2-906c-473f-88ef-2fd37756cf5e,e1452108-cd85-451c-931b-5ba7f305253a
12c211b7-f7b7-4717-abc9-cc96351ecab2,Andrea,,2
228bcf7f-c1a6-4fcb-9b88-423c9ea3d40e,Lilibet,6ce315cc-d23f-4f99-bc17-2e7076555ac1,Deciduous
9a51fe43-d563-47b1-be2a-b2b06d1a242f,Radiance,e0b699f2-277d-4de6-851f-1754f0d13294,Showy
b0890eec-800a-4db9-bb7a-fae91453b985,Alecs Red,,Perennial
f87dc69c-2242-42ef-a0e7-9e47e0d648e1,Jaune Desprez,b260660f-eff9-4884-8416-c43630f446fc,NO FLAVOR
f82d40e4-75eb-4cdf-9428-dfeb2f32d5ec,Courage,d432c593-b7c5-439e-a5e4-49249e3425bd,Full Sun
bcc1aa0a-1bab-4da0-8930-c3ea7f6206d4,Orange Flower Circus,301583a5-1c7e-4421-aceb-6d9ea47dc118,NO FLAVOR
adc451cf-c0b9-47dd-99d1-f745f015eed8,Wedding Day,,NO FLAVOR
39bb0b9b-b603-4bd7-adfc-72e879aa132e,Magic Show,,NO FLAVOR
a60bfaad-5a42-49ff-8b0f-742577882632,Attache,f2ae5863-d030-4fed-9e68-b45d3fd10d32,NO FLAVOR
d98ef002-56a1-4905-b5c2-7584ef198818,Nigrette,,NO FLAVOR
0292dc13-015c-4123-86b5-9fd44e99f3c6,Pink Soupert,,Bees
42188e18-588c-46c5-a825-7e5c289446c5,Sanka,,Perennial
1af9333d-ac27-4266-a190-d3fee9f0c334,Glacier 1985,2873a834-9cb1-4b43-85f3-380a07746522,Shrub
b78629d7-07f7-4847-9867-6923d1535fca,Suitor,,1-2 feet
5c8104fd-2ee9-4260-bef5-722d19db1d0d,Bad Ems,,Perennial
e815673b-8a6d-4dab-bd46-32ee97a33cf1,Kaikoura,,Shrub
7e157028-d753-4b6d-b37e-3cc91327c51c,Tipsy Imperial Concubine,,Deciduous
8a521e83-8708-4d0d-8970-8d0ebb562025,Maximowicziana Var Coreana,0705c5e4-3d27-45c6-b462-49bb108dabd3,8a521e83-8708-4d0d-8970-8d0ebb562025
114a814a-08fb-4b73-8001-2fa2a3c4ae34,Grande Duchesse Charlotte,,Medium red
67670507-0e9b-4740-bd56-21d7d7012f21,Rose DHivers,8b959e57-acbc-4304-b58f-b04261c23606,Rose d'Hivers
5b152bc5-5644-45ec-8818-a49e65b30c37,Smokey Joe,57814361-f43e-4a7d-8e76-b3a31a9d252e,Full Sun
02c43721-bc4f-48f8-a6d2-8098299fba9a,Henri Matisse,,Pink blend
42c7cdeb-9904-42b0-bc6d-e64b28bcf102,Midsummersnow,908e95c9-1782-4268-aa9d-39b76ab6b51e,Midsummersnow
297424e4-c436-4397-b702-2eb8dd33037e,Meteor,be5256a1-636a-4a5c-83c8-fa493a97fe0b,5-7 feet
8b0c8208-6ad1-446c-9beb-c10d846eb8b0,Robin,3e56e247-b7d5-434c-9dc9-9b838385c6cb,NO FLAVOR
6f3c486f-c116-45e3-9152-418ee60c0b83,Sophys Rose,273cafe6-1037-4b7b-b718-e3ed3de42914,Full Sun
d4abf04c-8803-4e94-97df-ac5ebd2638bb,Mothers Rose,628cd4d2-3ecc-458e-9a95-0df33211119a,5-6 feet
a071eed9-88b1-412c-90be-0097e93a7d42,Simon Bolivar,cb04a47a-2706-45cf-afa6-200714c97b5b,NO FLAVOR
321c9e12-6cee-4f04-af74-3d14a67a0c56,Peppermint Twist,,Good
20c037c6-6509-4322-ba57-a312b29426a9,Aztec Gold,cb68f169-e045-47e7-a483-9d64f873dc5b,2-3 feet
a127277d-1b3a-4d62-a9f2-404e6401a625,Paco Rabanne,8167b01a-beb3-4668-91fb-4058fe686618,Bees
a40ba457-d3ca-4b6d-b532-a6525b6ecaa9,The Chief,bb0b9f1c-0adc-4a58-b9e6-a069291a4c1e,Perennial
7cfa15b8-e5d3-407b-a65f-c1f9a125e8b7,Golden Zest,,Shrub
a1990131-18f6-401f-b3db-c3938f5c80d9,Mel Hulse,c4f0017e-e257-459b-9cb1-8efe36d13dd6,Mel Hulse
edbd44c4-4e3a-4094-84fb-0275241bd9f4,Renata,70f5bb63-369c-4bc7-be69-9ba73d1f4315,edbd44c4-4e3a-4094-84fb-0275241bd9f4
69678c1a-24d7-42f4-a5f2-8df73a75f3b4,Hippolyte,00343ee2-06fb-4ff8-9749-39410afb48a7,NO FLAVOR
8a55a43b-f3a1-4afb-b14e-435384a046cf,Piera Rose,,Showy
04e42c96-0d49-4c1c-8501-654a119e176a,Star Dust,a2c7570c-39cf-4c12-8594-729a684440fd,2057
3ad39e50-803a-4291-8662-f0f79b83f804,Midnight Blue,51bf78f4-8417-425d-ba62-f5c53b7cc450,3ad39e50-803a-4291-8662-f0f79b83f804
1d526d76-9fb9-4c33-acca-38401a466fbf,Under The Cherry Moon,,NO FLAVOR
777483ab-0274-4b1a-a81f-925544053f6c,Pauls Himalayan Musk Rambler,,15-30 feet
93c9240f-16eb-4a5e-bd7f-a3ef6947e0aa,Pink Cloud,17b878f8-eef2-43fd-8ed1-484c1783db57,Good
757a8c9e-6acd-47e0-91a2-ae02f3606b73,Pope John Paul II,e314e939-17b3-46be-b3c1-44893c75cc79,Pope John Paul II
2faf689e-13df-4922-851d-4072f7a6ad55,Lilac Rose,,Lilac Rose
2222acb1-e7b3-4ce6-b8c7-18ffa3bab44d,Mark Sullivan,167be8f0-b9eb-40d9-bdc0-c0970f679b59,NO FLAVOR
81d71047-06e9-471e-8732-da07b22df56c,Getano,,Bees
7b346d73-d4b7-4483-90e9-ea9fe3afacee,Maria Mathilda,,White
2b6bdfd8-dbc3-4f9e-8cf4-232fe28aa876,Maria Peral,741c4be0-aebe-4d64-b4bc-1745b9d8433f,NO FLAVOR
565db186-a928-48e5-8954-febd79f31af9,Magic Carpet,c6abd933-1941-40da-b64e-f6818f0ebc76,1-3 feet
82699fcd-62c1-4e5a-a386-c7342ca1b410,Douceure Normand,f7f82656-bb0b-4a00-8b95-2a2a1c016649,Bees
04e5ac5f-2c99-48ef-9b0a-b075666b48cf,Nobilos Chardonnay,9e1adf40-5066-4671-9288-74b9f04e1b33,2-3 feet
2e12c571-705c-4f8a-8688-0aa5f3f407d4,Joan Longer,5ce45fe8-b7d6-4bdd-b0c4-1bca028d9c86,NO FLAVOR
c63785af-8791-425e-b4c6-46b61b9b8a52,Mister Lincoln,498a116a-4eea-401b-b0d9-d09525ecb96b,2-3 feet
bd980573-3996-4ce9-9716-ffc4a004fa84,Salmon Impressionist,c681fdb6-1fca-42bb-9cb4-4b949539d5fb,703271
fa5a0bb0-3748-4ea8-acf9-5627101e263e,Pearl,a120a8ef-7600-44c9-8e59-82457c50612f,Showy
3b94281f-dbfe-4ef5-bf94-c634b27fbd90,Martine Guillot,061988ef-ef15-4058-83cd-03754e59f0c2,Shrub
b6b8268f-8b90-4236-ae5f-d4f0f460c8c2,Good As Gold,8e2fcfff-6e7c-41c5-8874-45aa31ccae6b,Good
3520b964-1638-415e-95f1-653bf080bbe2,Peter Cottontail,,Showy
ed6e3d42-b2c9-4d43-8608-53ec220bd131,Marie DOrleans,8bff2104-f986-4d78-82b6-3ea60c308256,NO FLAVOR
5f109879-6a7c-4395-9de5-f00edc7f05e7,Melanie Waldor,,NO FLAVOR
ba68288a-025d-4a83-8a9f-2e3a66a4d464,Sorcerer,,Medium red
2c970af3-d967-4574-9a65-9a37df342acb,Foetida F Persiana Persian Yellow,daf2fcfb-d243-4e37-be65-36e3675ec4df,Yellow
2dfe03b8-8572-40d8-bde7-b57b09680d77,Freckles,f92aaab0-ecbd-4768-b00a-91f56797c962,Some
72b6c90c-b9da-4b3c-b0ee-d344c71449c8,Pippin,6d8ab974-69b4-4a00-b316-b7d12d09ff62,Shrub
1337e4e3-5bf2-40c6-9784-b3160ba2161f,Prima Donna,,Deciduous
83f56db2-4412-40f2-affa-42b1d9a7b7a7,Jamaica,091630ec-0f97-4640-8790-3461826c1ce7,Deciduous
1e4ace54-dba2-4ceb-9844-f61343841ebe,Jeanne DArc,87df3b7a-d719-4303-ae85-d7abf38b8de9,Shrub
e1f18758-35c9-4547-b269-ed17dff859a5,Shinju,3c5af5ed-32ba-47a9-9d18-4cdfe5daa7a8,Full Sun
b955d0e9-f4ca-4477-9dcb-68a063cec41b,Pompeii,399656a1-3701-4255-84c6-bf1a53d367b1,Hybrid tea
43e1dd2c-f0ad-448f-b738-c4d242a12225,Tipus Flame,cc40ca63-2112-4d32-9243-d7b9792a549d,4265
d00551d6-1f52-48d7-8512-7a309202f1c5,Holstein,2e117a0a-d0ca-4e6f-aa0f-851569a7ba89,Perennial
1678980c-f70f-454d-8109-58e8aec06579,Heart OGold,,Yellow blend
7bb26ccb-e30f-41f6-8a76-96f2e4f2f078,La Mortola,9225b687-1089-430c-9f43-756981981ec2,White
4a739701-ca57-46f4-b629-ea7df9573938,Royal Blush,b544d21e-d578-415f-bd10-43632ba0f3cd,4a739701-ca57-46f4-b629-ea7df9573938
f9a6379f-d656-4332-bcef-9133099620b2,Today,dfdcc177-dbbf-4088-a4a4-0084931d4293,Full Sun
6af949ca-d7b4-4859-848a-b87a941e733b,Honey Chile,c51a73e5-820b-4a4a-84e1-22912b137220,Deciduous
e64e2cb7-e9e8-4664-a499-f35dad79bca6,Venice,3b8e02eb-b40c-4658-83ce-7db6fb50b4b0,e64e2cb7-e9e8-4664-a499-f35dad79bca6
8fc64a72-74c8-425c-8e0f-b2a67d5dd660,Titian,,NO FLAVOR
a3403756-f4e4-4ad1-bfb6-f0b28b007245,Lady Ann,cdf9ca01-cab6-4d2d-9816-b1107d7199a2,Moderate
ac94ecb2-f9c4-48ec-ab1d-ba337d262e0f,Old Red Moss,,Moss
92f8c4e6-a2ec-4f61-85cc-9c590deef6a8,Domstadt Fulda,,Deciduous
db6e1bd9-4fef-4760-b206-27832fe1e0a1,Soft Whisper,,6
34227943-7086-4c08-9c6e-f6f122d26835,Souvenir De Baden Baden,215c9710-3fef-45c5-9fc0-4d0b00dff8f2,4536
e8e7d543-7650-4720-8358-1ab0711b19e6,Orange Flame,bd70b61b-3d91-4d4f-9322-8ac5970f56a6,"Short, 2-3 feet, bushy"
524b3a11-2967-435f-afd6-18239e39153e,Madame Edouard Herriot,,Bees
0361b0c9-ce9c-40db-a269-f92c2847f548,Key Largo,6006327b-5081-4743-be9f-6687150a2518,Key Largo
f25ec5a5-5384-4d3d-a74d-01deca638b23,Sertata,,Shrub
30c30a09-30dd-4f5a-828c-cb60d1bed6c3,Marjorie Fair,,Deciduous
7663781f-2893-4c4c-8e91-1e4bb85d9bb4,Captain Samuel Holland,7b25600c-93ce-48b9-a786-00ac6707093b,Showy
d650f717-1502-46a8-90ef-08248fcca3a0,Silva,,NO FLAVOR
7f8945c1-e28a-4e04-a5f3-2437ef90ab1f,Safari Freelander,,Safari Freelander
bcaebb85-1d09-4b9d-a927-f1c21a4e9149,Silverado,88962cd8-709c-4d7d-9d60-c9147bc05525,NO FLAVOR
17854cb5-273e-4073-94ab-8a566415dffc,Halo Star,,1913
61ec867f-cc01-45b5-864c-da7c9ebfc3bd,Pillow Talk,,2-3 feet
91adefb2-f5d7-4f9f-b2eb-16d98127c535,Marinette,,Marinette
0cea1cdb-47dd-45ba-afc7-cf7451be595e,First Light,e82ebd59-634f-4860-a5ac-f11c03b05a3f,Shrub
6320c6a9-663a-44f4-ae00-d52f8884032d,Tiddly Winks,cba317e4-2bde-4885-b320-badd81a0664d,Deciduous
8040c7db-f789-418e-a25a-de9c6c892550,Leander,,11
bfbd11af-e233-4813-9429-8616c987b369,Wind Chimes,95d45d24-5527-46dc-8d5b-67086c0eea86,5
5661cc3a-fdcb-43ff-be49-e904a4c56a35,Purple Elf,,Shrub
f64d0b98-eae2-43fe-8d03-04d8b8ddb786,Mousseux Ancien,806391fd-fc69-480c-bc69-7c2994478222,Pink blend
5645c29e-05cf-4c7e-9c4b-e99bbdb76417,Pricei,ecf8122d-73a3-421d-93d3-34d07c3b9f40,Bees
3f356c22-2de4-4747-822c-8fa3d9c0a72c,Little Rambler,9d0647d3-3f90-45e3-9372-8e8e3a874d51,Good
bd33cc71-0665-45f2-a2a0-b7f9b7b189f2,Jim Dandy,,NO FLAVOR
8867b1bd-4e0c-4118-8ee7-3d83f20a0dda,Headleyensis,9d5f7f59-79f0-45cc-b9f9-ca7b8b2a8abe,Headleyensis
6405cb48-a402-489f-944c-3a7f2bc5c4ec,Golden Garnette,3db179d5-c33c-41ac-b40a-6282b36ae39a,Deep yellow
617c71b5-c754-464b-b465-fd8f9a94108f,Jiminy Cricket,5d67f5af-2855-47b8-bfc0-c2c19e1a762f,617c71b5-c754-464b-b465-fd8f9a94108f
eccdcd4c-780c-4074-81de-88c3c56fdaab,Golden State,9348ffb3-34c9-4060-8c73-2275ddc1ad0b,Bees
4ec17d53-2f18-4041-a75e-836699439bba,Province Panachee,02b7e64a-c9a4-49d5-9640-ece984906336,Showy
77f4e0ff-5e09-4f14-9025-81aa7b101cd2,Queen Of The Musks,,9
69ead831-72d5-4492-9e3f-7f16de3aafcd,Moores Pink Perpetual,51399727-e7e9-452f-ad29-8c67dc4e6c09,NO FLAVOR
25786704-5e42-4f3d-ad0e-c7dfe6c513bc,Goldschatz,,NO FLAVOR
ec479be0-258b-468d-afed-1fff922e1c48,Opulence,,High-centered
8f8b213c-de37-4a79-bb96-dbe4bec8dcea,Lafter,78028294-f895-4503-b652-b66bc395a779,Lafter
9d5cce73-5f28-4ec1-8ddf-346e9a2a6cb8,Paradise Found,,NO FLAVOR
ddac07ad-89be-4ef2-942b-1aadd6d054b4,Pearl Harbor,1277dd76-2db4-4cd3-8346-7f70ed79e321,Good
28ec796f-9293-4d52-8b05-283df3b239b9,Narrow Water,008f934f-56f8-4a17-9030-6462f525d590,928
886897d0-bb3c-4712-8532-3144178b8612,Old Blush,ff44c09a-787a-43f3-9a7d-d36968b9edbd,4-6 feet
e40d05f6-f468-4b36-b1ce-5ae6f15a1b8e,Sierra Glow,,Full Sun
273880e8-03d5-4e11-aeba-4eadaf3c4374,Nitida,55501d57-62f8-40b2-9cee-3b13cbbf1fb0,Deciduous
eef857a4-fd23-4401-a91b-a0a09c413e19,Granada Sunset,b841549d-6557-4aae-b9bb-cc3a69fde26e,NO FLAVOR
26b13f4c-e19e-4935-80cb-e09c9d31e604,Rockin Robin,f99137fd-01e7-4f00-8e1c-dd8ae01a5fcc,Full Sun
0489f2c8-9eab-4852-8a29-021078b52646,Rachel,b940a8a7-ede3-4bd3-862a-37a2d3c46ff8,Bees
25912ad4-d49c-4752-9b11-6baa57adda88,Madame Georges Bruant,3c570f29-9959-43b7-b6e8-ceaca82f0a80,Deciduous
e1158619-b908-420f-b127-27b402e0f876,Viva,efe74188-b953-4907-a328-b81bcaba7e17,Deciduous
72a83953-8fb3-447a-9c42-14bf8126c407,Scarborough Fair,ccedbc70-602f-472e-83cc-c8144a512037,5
5e7e10b7-c92a-4faa-be32-7b7242db485e,Bathsheba,2c96b9dc-d219-4ee5-8f29-74e611ff4c87,Full Sun
933e6429-6a19-4680-ab9b-89172b4895ac,Molly Sharman Crawford,b5bf845d-f051-423c-8b10-efd606316a31,Molly Sharman-Crawford
4e3c6881-787d-40fe-a3d8-05bbb32429fd,Sweet Repose,73f50235-f679-4fec-bcc7-132a245f56d6,NO FLAVOR
8545147d-d514-4dfb-837e-32ad255a19ba,Gypsy Carnival,,NO FLAVOR
b8d18503-6c85-4a9a-bb5a-c832bf0c14ed,Desperado,,Deciduous
b55a5618-87c3-4e30-a526-e9a63b990b6c,Bambi,,Shrub
9698f55b-f721-4350-a6bc-1ffa0217d333,Suffolk,b4bc8a53-f91f-4421-97cb-51ec05ff1da7,Mild
a74f4e31-0153-411e-8bd1-e76867ec982b,Rose De Meaux,bf6df758-a750-481e-a58b-77a970d3fc4b,a74f4e31-0153-411e-8bd1-e76867ec982b
ba51b972-6f83-4c32-9dbe-dc1e0f2ca4b9,Parkzauber,a5dd3939-7b73-480c-9f13-1d0fba483dbb,Perennial
4b23ac16-640c-4ec4-ab90-0ed15d3acd19,Flower Girl,,Good
d4156af1-faf3-4584-a505-1db82c5f62cc,Girls Night Out,,Bees
8214ef73-bd09-49ec-ac90-f85624d40058,Shawn Sease,8ba455f1-a71c-4872-add2-814dda6fa680,2-3 feet
d6ebffdf-bd5c-464e-8e29-bed41dc11152,Loredo,07bd844b-1962-4e1d-bc86-4f48bfd66644,Mild
e70fcc8b-6721-4000-bfb1-2e1322201d63,Ring Of Fire,,Orange and orange blend
74f6cbcf-573b-41bf-ba93-c30e2ecbf8d3,Nicole Mioulane,70b2fc43-4ad6-44f9-bdb2-ec29ac07cbcb,Perennial
5066154b-59ac-4bd5-91d2-27bc8107b1e7,Heimatmelodie,6659c91a-2dc0-4918-bb9a-a5eba71f4183,Full Sun
49ca1f9e-fcd0-4728-ac15-5cb68cf2332e,Ibiza,,Shrub
6b002a86-a8ca-4fad-97a8-2ec1597f8bee,Papa Meilland,049c555e-67d1-4699-939c-01a3f776b5a2,2-3 feet
d6e56f8a-45be-4297-96fa-d2aa373760b4,Erfurt,a1efdba3-3086-47d7-8734-3742482c998f,Showy
51c62cef-ef06-4228-bbd9-823266fc3fb3,Red Queen,,NO FLAVOR
a9d2993a-1421-480b-85b6-bab8faffe00f,Trump Card,,"Medium-tall, 4-5 feet, upright"
eb17a924-24fd-4226-a3cd-962e78969cad,Natali,6472be79-641e-4aa4-b72a-782b7c4c19b5,High-centered
e03c74e9-3f55-4542-b313-6a81722a425b,Neon Cowboy,fef22ed2-951d-474f-8cc7-50d80b3613ba,2-3 feet
031880e7-9894-4038-bc15-5648f8bf3513,Symphonie,f585ba20-24ad-47ec-b206-9cdd2bb1820f,538660
0373a33c-91bb-4b11-b4fe-7dee2fa707bf,Madame De Maintenon,c761bd6d-3491-432e-b6a2-98e047360f4d,NO FLAVOR
11c31897-989a-4f6e-927b-ef61d4caac48,Gift Of Life,651eb287-2029-4555-8609-4c1a63b2f8ca,Hybrid tea
7a9d2047-4ac7-44fa-9992-584a3bcbd30e,White Grootendorst,,NO FLAVOR
dedff276-e59a-4d86-88b7-28fa7d5166e9,Vivid,af0e6b53-a6d5-4a9e-9ca5-d74e4b1cba36,Perennial
6ab10d7f-8f2a-4c62-bc80-3643c218c1a3,English Sonnet,b316c446-adae-47b0-99d0-8ef1c9cfe406,English Sonnet
6ee1c837-d8ab-482f-8180-6a54192d3196,Autumn Splendor,,9
51f55589-8679-4ff0-8034-1e48a71489cd,Kyogoku,,NO FLAVOR
cbb30b03-515a-4e08-890c-aad1ca590367,Rainbow,cbc32393-ea87-48cd-bfd9-521d5aa582a5,Orange pink
ef45f89b-4edd-4289-b1f3-3a1cf04b2b3b,Andrea Stelzer,6d788cbf-1cf6-4b7c-8818-1f70db769a04,NO FLAVOR
fb8c1285-79dc-485d-ba50-384d9df947fd,Kashmir,,Kashmir
0b9bbe9d-70e6-451f-ba63-be4792f8abbb,Butter Cream,f0df414e-2236-4560-b896-706fab510e1f,1-2 feet
72614e45-216e-40d5-b7af-19eb9ea92e98,Twinkie,33c100f7-d739-49f0-9457-e63e79922543,Light pink
92b4df80-19b5-480c-860f-bbecd310bfb5,Soshun,,Soshun
a27314bb-b543-4524-8188-c36c9f43e55e,Touch Of Venus,f3371396-1298-4f99-8ef0-92248ce7d0f9,Showy
e5eef83a-4f21-486f-8d8b-91954c07c7f2,Red Masterpiece,61d7cbd8-26d5-4a89-bfe4-911e22d2438a,2838
a0dc278b-b7b6-4376-9c75-963406324119,Madame Abel Chatenay,5b5f33dc-1d36-4d7c-8eb3-62ca4d5899cb,3-4 feet
0ca108a9-7190-4dc3-af7a-13e984af5491,Madame De Tartas,589dd239-0d72-4292-a4d3-918b8f3d4994,Good
3ce90eb9-2d4c-4734-a298-a505e8537b54,Flower Carpet Yellow,,2-3 feet
7c5936bb-b7fb-46fb-b231-8dafd277a38c,Tijana,6dbac41f-de61-4bab-bdf7-8c1b3bdf778a,Deciduous
2fb8e26d-1d67-45ef-8252-cdd04300bb15,Madame Fernandel,94fc8716-2b2e-42ae-a207-257fb3377bde,Showy
2d31a700-4d24-46b9-be23-c11672420228,Masquerade,b3952be9-7024-45d0-9691-20b449809666,Cupped
beb9043d-6fc3-413d-a2be-b539d9628b0b,Flower Carpet PInk Supreme,f9a162eb-bccc-43be-87b5-644b5b3049f7,2-3 feet
4c73b233-9b4a-45f8-b7e8-e9f94b51fce9,Paint Box,ba33477f-ed79-42bf-a46d-d4d0388a2f65,Paint Box
bc3f6e06-a2bc-4b4d-b44b-0b91fbd35714,Hilda Murrell,fd1655ba-82f7-4b2b-859b-4de1feb6eb53,3-5 feet
781fca50-c82b-4d84-a558-d9b4e1a3df6e,Goldtopas,,Goldtopas
7f4fbc02-abde-4eee-80c5-00996390d3cd,Acicularis Subsp Acicularis,1a753d9b-5ce4-460e-811b-a20fc6804d18,Bees
9d836e26-498c-4009-9873-8ca5ca199679,So Pretty,,734115
1ad01157-0cc0-4aad-9bcf-815b77d216ee,Pink Pearls,592379b6-190a-4c63-921e-115aef1080d9,NO FLAVOR
3e5fd079-f91b-47b7-9ff2-e690811fec16,Snowline,82598f2c-c908-4408-9f0e-32685ed2d1d5,White
c3e9639a-6dd7-445e-ba47-0ea0c7d3175f,Mirandy,f93ff455-3e14-4b7c-bc9c-1b32703f4cc6,4-5 feet
5c18a038-fbbe-4204-b60a-fda4297ec469,Mistress Bosanquet,,Bourbon
d349e9d7-0de9-4dac-9d4e-5764787a1297,Toy Clown,4d397849-6fd3-4dcf-bb9d-d59b3bec4f1e,NO FLAVOR
120d9d61-37e1-4db8-bb5c-9165e435577f,Madame Louis Laperriere,,NO FLAVOR
eb961dcf-8fc1-4dd6-99bc-2c63f31ecb84,Tenor,,Good
872a54ee-f759-45a3-872c-4201e165194b,Southampton,465846d5-9734-4b6a-bb91-4ee39cc2570a,Southampton
4adcc568-f60b-4c7d-af44-bec335b9494f,Platyacantha,a268cd5b-d34b-4b0e-9bc1-423af71af179,Full Sun
9bfe697d-5586-4733-8c5f-6ce6e329724f,Marmalade Mist,47f5e0ee-2a78-44ed-8dfd-b1e7dd1c42e9,NO FLAVOR
5f0b953b-b2f1-4ee5-bce3-de6e82489dcb,Orleans Rose,,Orleans Rose
529bfdbd-3dff-491d-b3c7-5bcd325277f0,Republic Of Texas,47233da9-2b55-4004-9f13-fbda7f0b182c,Showy
6666e5b6-4b0f-46ca-a2bb-983be856a4ef,Versigny,,NO FLAVOR
41d212e9-8956-4c2d-b53b-81ce0aaaef93,Prokhanovii,ad696746-0233-4c5d-ad51-03a180a9c031,NO FLAVOR
99e91ccf-9e5e-4c26-bfea-0048fa7c1cc0,Jane Souvenir Du Barbicon,5684d227-d5ad-47e4-b7ae-cc62af499bae,Showy
8a202c3c-589a-4adc-b383-3a5310d57194,Sweet Sue,0d3e3515-5f41-46b4-9292-4c45e0d59be3,6-12 inches
3f132132-41c7-4ca8-904a-93c6703ba9fa,Madame Charles Wood,,3f132132-41c7-4ca8-904a-93c6703ba9fa
a22d86ee-8f4f-44e8-8b69-3ab4fb6c6e49,Awareness,,Pink
ef20a881-7d04-4d3c-888d-6bb4fb9787c8,P G Wodehouse,,Perennial
77de5212-2775-40e5-9887-51c080b3df42,Lloyd Center Supreme,68e6bff6-72b8-43f3-a0cd-275d80b79cc9,Moderate
9321f58d-bce8-43e9-b343-95d1b9595c0e,The Grand Champion Red Rose,1f75ef8d-44d3-4240-b0ba-1d56ac8324b1,Deciduous
789fe7ef-5d79-4b4c-b4bc-7e1f53267c55,Snowfire,,Perennial
6f4041a8-adeb-4ae5-8ff1-97103e7c7b61,Mint Julep,d7b2cd6f-342c-4735-bce7-1fadb4e99a36,6f4041a8-adeb-4ae5-8ff1-97103e7c7b61
c9446c30-8b1e-462c-a809-74d221ae477f,Mortimer Sackler,,Deciduous
277c70a5-2b7b-4305-93a4-c6d42cb55101,Sweet Intoxication,,Mauve
5d0e9eec-f6d6-46f1-9202-d1f43bc8190d,Rosaleen,edd42d58-fb3f-40c7-8cfd-7b18c478aeb8,Full Sun
6771ee88-cda3-4cf3-b8fd-6654415807e2,Marchenzauber,,Pink blend
6b1e5319-dc5f-437d-bb5b-729e99d89271,Summer Holiday,4de575b3-dfb5-4795-9fc3-4c7f46822790,"Tall, 5-7 feet, upright"
5e9b2199-e6df-4898-8340-1dead14ff7c9,New Daily Mail,dd8379bc-aa5c-41ed-92e6-a219e0ee1d83,Red
2abb87c6-abd1-4627-b083-82e9cd9c5b8d,Tabris,,NO FLAVOR
fcb04293-937d-4bde-a15e-2d26ab0767eb,Mathilda,b34135ca-5edd-445c-b571-087b48854d4f,Shrub
0b26f721-6a0d-407f-8b3d-fc6d78ea5f7e,Elveshorn,26f69f0d-8fc8-4c1f-a6b3-c9a26270b698,"Medium, 3-4 feet, bushy"
c64c3e1b-9d3f-418b-9409-161b18b862dc,Heres Gert,6286e7cd-a555-4221-8aa4-eb2553fbaf65,Deciduous
bc321f4c-e899-42d7-b0ad-cd6c024d8cc4,Isobel,afe2ff84-3139-4627-9fa8-07b279d15c1b,2-3 feet
a99212ef-fa7a-4f79-8f50-5fb0b4d9431a,Raubritter,,5-6 feet
4574939b-da99-41dd-9c4d-a32d99087fdd,Munstead Wood,3ded1600-be5d-4ef3-bb06-c7ba1b6687b2,NO FLAVOR
1ac21cfe-df79-4cf1-86fa-13fe3d7336ba,Louise Bugnet,88fc36cd-f070-4233-b3d0-8723ccfb3c21,Showy
9e5344f4-37e6-4798-9942-a638ec664a63,Gold Blush,e3bd972c-8f5b-437b-a0bd-c04b778c3c21,Deciduous
d1f30e44-c071-40ba-8b22-dcbac7348de7,Rose De La Petite Chabote,9e2f1217-bc0b-4ebf-a1d2-2d4ea79ff0e5,"Medium, 3-4 feet, bushy"
dd8fa0e7-6522-4c7e-bb82-76e9688e1356,Grey Dawn,,2 feet
9e3fb094-2478-4bd5-9d51-a8b1bf1286eb,Inner Wheel,144e22a1-2ab1-4007-a302-d8118018f264,Good
0fdf73d5-d361-4511-a2f7-01b2a5766004,Rod Stillman,010ce175-c793-4225-bda2-ff401d3bfc0b,0fdf73d5-d361-4511-a2f7-01b2a5766004
315d3826-70e9-4bf5-b19b-5ee2a38b59c4,Kateryna,a511b9e2-eff5-43f2-9a1d-1bfa99abc6a3,185998
33c39268-a24d-48c6-a97a-12d62d99f9f4,Good Ol Summertime,,Good Ol' Summertime
c54343b6-5925-4c76-83df-1c6c3753915d,Madame Hardy,,Strong
b87750e2-52f8-4cc0-88db-9e144448a7a2,Lucky Charm,99092009-9ee8-4825-b91b-879da29ea653,b87750e2-52f8-4cc0-88db-9e144448a7a2
b2e329f2-1f6c-4004-9bdc-0c55efe0ddb1,Prince Camille De Rohan,0dd2bfe9-5e5f-4122-a6cb-2d97d190b7db,NO FLAVOR
db44809d-75f6-43cb-926c-1fce63927b87,Magenta Mystique,bb6a557e-fab0-4607-8c98-49a800ce2d7e,Mild
9fbfa438-7221-4070-b674-29384d610ea3,Sunrosa Red,,NO FLAVOR
d4d6fc4c-1fe9-46b6-9e2e-0b9d7174682f,Anna Pavlova,,1
978fd491-e33f-4e0e-ab76-0c144442f6f0,White Hero,,978fd491-e33f-4e0e-ab76-0c144442f6f0
3793668a-acf5-447a-a520-163efa54ff63,Prince Albert,,Full Sun
c796105e-511d-40af-a702-5027a5c407cd,Traumland,,Pink blend
a4437396-71b1-43db-ba14-67e7854c3770,Tarantella,64512325-5a80-491b-a00f-736b10f08e64,Showy
27e140f6-5087-48a0-8818-cdb232543edc,Hansestadt Lubeck,,Full Sun
0dd37338-aaf3-4e08-a8fa-dc5f233e682f,Charles Austin,,Showy
1c3508a7-d9c4-40a9-81b5-34f8e4fd0b0b,Special Occasion,25f633da-f8de-449d-9dfe-b2cd3ece1a57,Full Sun
0ecbeddc-809c-42a5-b6d1-47d707d56f75,Little Mischief,6fc27d12-0c58-410f-8b65-71505e3c832d,Deep pink
41a8c3ba-8e45-448b-be86-1752d4e035ea,Allgold,,Deciduous
7a8edc27-b720-4946-92d4-0630ecf5d445,Little Chief,c6f58f48-d612-4562-90fa-b61c50cf8423,Perennial
cad0a808-608d-44af-a0f1-f7516f70b86c,Rendan,fb4711e4-8573-47e5-ab6a-eacf0b80b6e3,Good
f2fb69ee-95c4-46a5-a129-803101c50ac8,LOreal Trophy,db918f3d-d08d-47d3-8902-58d1aafb6e29,Good
9773ed1e-3380-4c2f-a66f-456406e01521,Sterntaler,,Yellow blend
f16a7fd9-ba92-4b68-9efa-b9ee3c22999c,Ray Of Sunshine,655bd090-c8a2-49ba-b678-9cc04ec2585a,3-4 feet
d0feb953-536f-43b5-a813-9e7acc98dc14,Bacchante,cf494434-870c-4563-bf25-dafbba37c5d7,4-5 feet
7c96648a-8ad5-41a3-860e-9fe0e37acc2d,Pacific Serenade,a0f4418c-33bc-413b-98d9-8c461df47f1c,Bees
5857607a-097e-4e35-b4ff-7df98b9c07d2,HIgh Stepper,cf6fd172-6295-4ec3-a75b-f5b2599eabbf,Deciduous
72f59d58-4bdd-4b21-aa8c-4183dbf5837b,Grace Note,,Full Sun
535c37d6-0b6c-4b12-acfd-3cacb07a9aa2,Rose De Rescht,f8bc010a-1509-46fd-b561-0bd94b3db0e0,Full Sun
9b7b9755-b198-449f-aa09-e8e3a0061b88,GP Brownie,,NO FLAVOR
a81e13d6-cfcf-4747-8e77-28aee1638f6d,Jolly Cupido,447e51da-b83b-41cf-a862-c887672891e0,Perennial
f13bb9f3-7b28-499a-9a73-2fe01b601162,Simplex,,Perennial
dd562b9b-9b13-4617-b57c-76784ea1e56c,Rosemary Harkness,,dd562b9b-9b13-4617-b57c-76784ea1e56c
a7d7ad1d-bec9-44b1-ae7f-5eae94259748,Annie Duperey,7422345f-8ba4-4c27-b37f-f05fe8ef949f,NO FLAVOR
47006454-13c8-471e-ba9f-ef6be8aee1e8,Gotenhafen,e36e641e-9d02-4a09-aac6-9cb7fe0c8d4e,NO FLAVOR
78ca4d96-dd27-49fb-8bd8-47dac41a77d3,Looping,72cf2cc8-8c54-49cf-ab97-b6e9c1f407fb,Perennial
b2ce50e0-17e2-48ca-9693-e00418a02476,Premier Bal,c1c38f33-b6db-4384-9929-0312de8d783d,Bees
050ddebc-6642-48ff-90a3-53bb2529cc87,The Friar,700ff500-f356-43b4-8b2a-fadfbfb84c48,Shrub
7b5e1443-2b05-4ef2-addf-31842fe4550d,Parfum De LHay,7b70c43e-5830-4886-a33e-8923f286f1ca,NO FLAVOR
0bafbcb6-7a5d-4234-9f6c-7b3d0c4da981,Helen Naude,f5869fb4-e64b-426e-8819-9031e2d33044,NO FLAVOR
8e20cdd0-a617-45fa-962e-0601c26f88c1,Hoot Owl,3442a48e-c7c6-458a-9462-9798fe66add5,Showy
9840aa5f-deb7-44d8-9aca-e65e146d6da9,Tchin Tchin,2afde414-1a69-4be1-a8b8-965d3e9fe221,Shrub
c426575f-fdfb-4fc4-8df8-31a817f6a282,Princess Margaret Of England,,Perennial
f1e7a275-371b-4234-ac57-8b1dc56cf108,Tyler,80a04dd4-076f-4709-9af8-71f39ccf6084,Tyler
592f7f5d-957f-440f-aad6-674211e11a45,Shades Of Pink,66fb9045-ee8c-4d63-9df8-e293b6672ae0,Floribunda
eb9095ef-31bd-4e9c-9b00-0d0f108f18e1,Blue Heaven,3ff3365c-0b9d-4430-a2a3-8ccffd6ed4da,NO FLAVOR
b540a1f3-f95d-49b2-be63-f47614dca585,Madame Dore,,Pink
94bedb0f-104f-45f9-9b4e-cd910a0a5b32,Cadenza,49371ed1-0f8c-4d8e-a304-eb380aab1200,NO FLAVOR
35a702c8-f0e1-42fe-b285-86902757dd62,Flower Carpet Scarlet,,Flower Carpet Scarlet
2cbb3f8c-5376-483d-a743-edd765bef18c,The Lady Of The Lake,ab57c246-8387-4fdc-8491-c1cc9f9bbc7a,NO FLAVOR
bc032d9a-545e-4428-a50b-8160268d8b3b,Hi,,bc032d9a-545e-4428-a50b-8160268d8b3b
b1d23f73-1f23-4036-9255-b60e2c98df74,Little Eskimo,26961b7e-05b2-4d91-b369-61cf9eda8b07,White
b44ceb54-9675-4b76-b40e-48c494891828,Kayla,,NO FLAVOR
6e691344-2705-4c33-8845-145853a3b903,Shanghai Princess,8854d942-abf7-4a27-8181-b18932fe57e8,NO FLAVOR
3dcd3ec1-66bd-49fe-994e-9604c4cacb70,Souvenir De Madame Boullet,99ee04ed-a6f7-4a92-a5f1-a48d84de0a1a,Full Sun
0ebb7d8a-0f50-4f65-b699-25ede0d6b571,Rendez Vous,d757dc2d-694b-46f4-8e9c-9e2a825d05af,1-2 feet
6d2cdda5-abfd-4849-b7dc-88d8c4273b15,My Lady Barbara,,Pink blend
e365e755-d4e8-4437-946d-0c302e684745,Sommerabend,,Bees
f3048288-f68a-460d-a3f3-a2ea4a5fd126,Scarlet Queen Elizabeth,28830f93-2a18-439c-8149-51c78f279401,f3048288-f68a-460d-a3f3-a2ea4a5fd126
51386e22-df84-4c3c-bdcf-5657af65be30,Jolly Good,9431bf86-d4d4-418d-86d6-5dd836f84107,3-4 feet
f2a87027-fc73-4e52-8819-65bc41ed6163,Just For You,,NO FLAVOR
7e5f8320-f798-4adf-a0cf-172df94177f8,St Ethelburga,6a513d6d-2f2c-4760-9d6f-702659898531,NO FLAVOR
07df45bf-0f31-41da-afe2-1abe1561426a,Madame A Labbley,,Pink
2722b357-89ae-4dd0-b824-56a62251826c,Golden Times,,Bees
b5c3f044-b526-41ac-8ee3-76d3591087f7,Portlandia,970bd3f4-2b66-4ec9-8897-1af35db9fe55,14
8ec7d7de-f329-467b-90b5-fd44e196d696,Snowcap,187f989f-38d9-40d9-9376-571ef61adf6e,8ec7d7de-f329-467b-90b5-fd44e196d696
e82d74f5-eb13-45a5-b58d-9efe633e9b9f,Ville Du Perreux,3d5a22a8-62c8-4234-b44c-5ffbfc817433,Ville du Perreux
53d75779-19d1-47c8-b069-b47ad8dbcb44,Manita,1b303837-4d5d-44e3-b4e6-eb8ebfce166a,Deciduous
0aa7699d-ff00-4618-a585-6c2afcbec9e1,Odee Pink,0f1cab0a-f110-415e-9194-ea80958ebf63,12
04eb96db-435e-466b-9609-79e721633e24,Pisocarpa,391d1024-fcb6-4e04-a62a-6a2e8fd3fcf6,Bees
8439e8c4-518e-4f97-bb82-cdda7e1d7c21,Pride Of Scotland,,Orange pink
5baa1d85-ebe7-4f0c-8223-0ef1d0008024,Sam Trivitt,a9c6f71e-8ce3-49b6-88e0-c346dc40cb50,Mild
a53e827b-a7d5-4f90-955b-8dfd31e3f928,Moon Shadow,f04bea51-5022-40e1-accd-269d910539f0,Lavender
7fc1ddc1-d0f5-4131-b301-1247080dbc8f,Amblyotis,dcc004a3-c825-421c-9646-c739615b8b62,Shrub
7b520b40-d039-467f-b4a3-15e360740f78,Augustine Guinoisseau,,NO FLAVOR
eb45c721-4cd4-418e-b7b6-7f8db2a0dd30,Harrison Weir,ca089b0c-9583-454b-aa15-29fa4dc10945,Showy
4cd178b0-1af4-4549-bcaa-f3aa939e3c0a,Wettra,,Medium red
76a1231a-3662-459f-9820-1d7a040fa85b,Pink Grootendorst,,Pink Grootendorst
df937501-8a36-4924-90c5-4170fc22f63a,Niso Fumagali,,Perennial
e72849fe-4b10-4394-abf1-9d11e66c97ca,Cocorico,849236a7-7408-4962-acf8-561dd8d06f4c,Perennial
2a278f3c-5e68-49d3-b0f3-57264a9b2b57,Souvenir De Rose Marie,,Yellow
666deccd-980c-4173-b7d1-cc90efe1a8fb,Miss Katelyn,82895e53-c87f-4436-b9e7-6e22d1b34fc2,Miss Katelyn
ea3cec49-51d3-46ba-a37e-845388e5bb45,Macys Pride,,Shrub
542880c5-7ad8-40c8-972f-e643433775f2,Pure Poetry,2ac7aece-9f99-477e-9184-ee6169910d3c,3-5 feet
59e804d3-bcc1-43df-8e76-5e39123329dc,Hotel Hershey,559bcdc8-57a9-4054-a512-bc5cd835d17d,6
a44257be-fa41-4284-89a6-b69b59d157b2,Leaping Salmon,,3454
e20fb26a-d281-4d74-9f1a-be63c54bd8f1,Lady Romsey,a1c2125c-7f89-4336-9aa2-15675e3874e6,Bees
7bcfe46b-8a20-4a3f-9b19-0e6f2c44428e,The Lady,2feb0830-d0ae-45e8-aa6e-52f8701e56ff,NO FLAVOR
fefde743-bb36-4c52-898e-839b359cd2d6,Desiree Parmentier,,Centifolia
f13debd3-6db1-4e33-b1f0-bbefcee7b0c6,Ladybug,50a6861e-03e1-4bdc-8035-08df739eb468,Ladybug
7e59c4ad-869b-4c7b-aa4a-a340a36fded8,Torch Of Liberty,,NO FLAVOR
8faca050-826e-4c44-b6d5-0e473f332c3d,Affirm,,8faca050-826e-4c44-b6d5-0e473f332c3d
532c9d9d-33b9-440d-b8a7-8b200e07febc,Jane Seymour,,532c9d9d-33b9-440d-b8a7-8b200e07febc
8f66bc0b-5658-49f3-90f0-199410795cd5,Parkjuwell,,Medium pink
2d2a7aa3-5deb-48e4-9182-687eaeb8cf39,Red Planet,af12be6d-6e1b-40bb-af95-84fc754404c2,2432
12ed3bee-7037-406c-8cb7-315d30e7ce42,Royal William,868ecaf1-d8c9-44f8-a8b1-f1e00964597c,Royal William
7b071602-d49c-4bc2-967e-c54ea99012ab,Virginia McKenna,,Deciduous
2549df33-b1d7-4217-967c-3d6ffbd6236e,Top Of The World,4db79e84-714b-4f8c-a489-fd9359388709,Full Sun
c419755c-0e1c-425b-87a9-e67e521dfad5,Madame Foureau,a6810ad1-51d1-433c-939b-07b0c672541f,Yellow blend
81a28324-f2fd-4dd1-93ed-fc843e890d6f,Soncy,71cb35de-de1f-483e-bf22-0cd7894d270b,NO FLAVOR
1e513d56-203c-4a5c-a20c-b326a42233b1,Isabelle Nabonnand,18f2474e-d091-4f4e-aec9-d738d416c495,Full Sun
6cd4eb18-7649-4838-bcaf-1d739a70793e,Shooting Star,f6a7f72c-6d87-4109-ba70-0220bbec7a69,Full Sun
5d92c335-de23-4a4a-8671-3e1cf09ca391,Sweetness,,NO FLAVOR
a2937db1-e021-4d5a-ad13-bbddab31e6a0,Tourmaline,84d7b868-addd-4a95-aa3a-c9319cdea45a,Showy
4ca63747-741b-4816-8d95-34d25dacf6aa,Mademoiselle Meilland,,Mademoiselle Meilland
12b35b65-c577-4fc0-8b1d-29e9a6efea14,Tigris,5379b1b1-7f02-49ad-a3c7-14bf7bc1d3d9,Showy
12fef7db-7a29-450b-8a70-e1214a8a4f08,Picture,552a4702-e8af-45ef-a47d-7b6f0fed9e96,Picture
f1519450-ede4-4ee5-9aec-e325b12e5074,Morning Blush,,NO FLAVOR
cc89f3ba-e1d6-4216-929b-3dd2240df01b,Ilse Krohn Superior,0893342f-c757-404b-82b4-0b153b219c56,NO FLAVOR
28996888-927a-4e3b-9bee-91255c6ea2b6,Goldregen,,Bees
fb05152a-9ef3-466b-93be-10aed1e32718,Prairie Snowdrift,,NO FLAVOR
10dbc284-8de8-49b7-8c23-d9142372625f,Poulsens Yellow,e2252803-f645-48f4-8dca-2c1702f9924b,2-3 feet
4cf58d7c-06d5-47fd-b789-34755d70feb3,Paname,,Shrub
e56378b2-16bb-4d58-be43-437a5a8bd78a,Attleborough,1a0c0443-9195-4f4f-ace1-49f9bbd84045,NO FLAVOR
b0093248-394a-4d44-861c-29979438576d,Simon Fraser,ddce37da-2b31-4361-bf2b-849a341a7c11,Perennial
8a04fa2a-9fbc-4f65-9261-b23f3b78f981,Hamburger Phoenix,78c7ef2a-393c-4108-ab55-6d1e55a35ce0,NO FLAVOR
d31e73c6-bd7f-4b67-88ae-225c5ab73018,Mountbatten,,Good
f62d6f44-59df-4153-841c-00b3ecadef2a,Irish Elegance,,NO FLAVOR
77bec0ab-8517-4e32-81f7-98a6e665cc5d,Setina,cadadac7-6dbc-4e54-964f-1180d6f01562,NO FLAVOR
05806cce-b7fd-40aa-810c-edd8024eba9f,Louise Clements,14b0554c-7ec4-4087-8a9f-0aa5dae4cfd8,05806cce-b7fd-40aa-810c-edd8024eba9f
811927b2-5b4c-4c7f-82f8-589319ef46a8,Honor,2bf39458-7549-4463-bc71-e7df4712f4e2,NO FLAVOR
f8eb2564-3669-42e5-b723-fce8543129da,Irwin Lane,8127ee2f-04aa-4492-9ab6-4fd1796b0583,Good
416d2773-c4c2-4b00-b9e8-8c374b01a602,Mrs B R Cant,,1593
9c373811-2539-4366-968d-b550580cd157,Golden Jewel,b6c7e614-8bcc-401a-ad15-9ea82c36bcde,Showy
5544e3f6-688e-4f76-a55a-fb82d1c72205,Souvenir Du Docteur Jamain,e7329371-8226-41bf-bad8-cd82c36999ad,Hybrid perpetual
0107a8bb-d4d7-4775-bbf2-745384a198da,Royal Parks,47d50fee-db09-4ffe-9a07-ec5ae932c606,Full Sun
5e9e3f92-0ec6-4d26-8a07-68fe1a0ce341,Governor Rosellini,075e4bdd-1e18-4d1f-8779-3d23948d25a0,529358
3d7917ac-9fa2-4cfb-8851-1091de34d37f,Princeps,458bd23f-a0f1-4e59-b706-383f4a52adea,Perennial
65de22a7-8b48-4bd2-b207-aeed28734f7f,Golden Fleece,,Yellow
d43094cc-7221-4018-96e0-03300771bf24,Raspberry Ruffles,531c7310-dd7e-4fde-926a-6c3dd28ad446,Shrub
54d8e54a-c82e-4e90-8488-8a3e29c1ecc2,Preference,0856b2cf-cf03-47bf-bc69-640582cffa74,NO FLAVOR
179b26cb-904d-4ca5-b81e-9dfca9da33ef,Banksiae Var Normalis,65240a97-e843-43f3-9733-00eb5174069b,179b26cb-904d-4ca5-b81e-9dfca9da33ef
2dfc8fe2-d74c-4c84-b112-21dc36aecc95,Heinrich Karsch,4715d9e0-faf3-4483-ad96-09d6a255a643,NO FLAVOR
1e663657-7c01-463c-9297-0a0a1c5ed066,Pinwheel,a364497c-b47e-4fd2-9d02-b0474aa73514,Perennial
da02fb0e-a059-42d6-ad70-1ebd23b31d92,Agnes,5b07fdc4-de00-4527-b6d8-3c6456358317,"Tall, typically 6-8 feet, bushy"
8ec3e93b-fa5d-401d-b9bb-e574c0f94753,Robe De Soie,f508ee7d-74a4-410c-8d4a-0a5b2221724f,2-3 feet
b601dfd4-9ef7-4fac-9cec-2424a1979c92,Hondo,,"Medium-tall, 4-5 feet"
cca72cda-bb9b-49fb-ab13-3dee5abf995f,Toulouse Lautrec,,3-6 feet
02ccc0b2-fe7d-484a-b116-0ffc70cbebf8,Soroptimist International,,Full Sun
52fa798a-988c-495d-9858-1c4ad67835ca,Lavender Meidiland,,NO FLAVOR
3d7423bc-2451-4147-b744-0a2df1a205f1,Rivierenhof,16c9f40b-24d1-49a2-9a05-a83f7808369e,Moderate
2f80272e-5ea6-4270-af40-a4cbc3f3251d,Warm Welcome,0ae2b9e7-15d6-4262-9208-1865f71a847f,3459
ddabfbcf-c68c-4f6a-af7f-6c8afce7a88e,Top Notch,62be4075-429e-4e8a-857b-e1226a63b206,Apricot and apricot blend
665bc353-9471-47bf-bb43-62f1d7ab0d9a,Pendulina,,641156
5e508cdf-a293-4eae-b6c0-76729cfba5c9,Topkapi Palace,8c862b4d-f841-45ab-8868-77d6932b31bf,24-30 inches
36768ad7-15ca-4eeb-ae71-dae6f15aca0d,Malvern Hills,1fc5a22a-0999-4d46-92bf-2e876e175a5a,NO FLAVOR
7504dbfc-4ea3-42f4-b247-765c4447e824,Summer Love,94fe801e-b945-4554-b90f-66d50cd2820c,NO FLAVOR
996a4000-fe6e-4976-91d8-1905718ea03c,Oskar Scheerer,,5-6 feet
99ed4efe-fd80-4e8a-bb14-58304bd5436a,Angel Face Cl,,NO FLAVOR
2acd1101-9f98-49cf-98e1-b0adea4789cd,Memphis Music,d3b47940-07d5-446c-b187-60844337cc71,Shrub
29b63b1e-9657-41a4-b034-b6d752dc6cd5,Sequoia Ruby,a5634f28-65c7-4708-9d34-6910a9cd0e06,NO FLAVOR
fc9d543f-8d58-4ca6-9eba-d1f95439dd10,Why Not,1b9903c2-cd75-4e12-a2fc-b720efa101e6,Full Sun
bc02790f-d483-4b6f-8ed1-82a71527599e,Quo Vadis,4cf9d2aa-9a4b-4f5e-8e04-a025c38a8c38,bc02790f-d483-4b6f-8ed1-82a71527599e
f3d1d4e7-1c76-4247-a832-d1254f57514c,Red Talisman,f804e2d2-9dac-413b-ad80-d96297c05159,Full Sun
fff60ef5-4287-458f-a298-4f494807f97c,Open Arms,,Pink
e7d924d4-d00f-4586-939b-a0aa8ca07c06,Pink Prosperity,7454b5a1-19b1-43cd-8e4c-96b3401b3058,Perennial
caedca21-b2ce-4041-afae-a9a42ba5396f,The Reeve,50749c4a-b66e-4708-b7b3-941b909b5bf6,3-4 feet
17c511ca-9d97-4de7-b031-6df0581be1b3,Church Mouse,2f58840b-2836-4a82-9a54-3ce40dabac51,NO FLAVOR
16c0d7b0-1df0-42b8-bb0d-43963e6e6d41,The 777 Rose,,Full Sun
8e1f0ef8-b190-4f26-a01d-f623783c0f47,Pink Peace Cl,,Strong
04bb9600-d3c5-420f-90a7-c007a3a76275,Grandmothers Hat,a4100dc9-2462-4cd3-a7b6-9ac2b145f8a8,Good
e6cc0735-e3cc-4101-98db-d7b24afd6252,Radiosa,9f56f77e-5677-466f-bbb9-8fc14abe62ec,Shrub
b7fab558-9e88-49c8-a772-17d8761bc878,Restless,87c61935-e99c-4ef9-abe2-f4105ad8f37c,NO FLAVOR
0b5be979-c78d-45a9-ba34-95231a8745e4,Benjamin Britten,aa4ba5cd-8435-4bfe-bbd2-8cb4af831aa7,NO FLAVOR
26b92bc3-266c-43f7-a0be-757a9ce6adf7,Laure Davoust,,Perennial
46aaa434-db95-49eb-a5d6-daa72de50fd1,Anais,,None
41cb4703-1080-4254-9781-06432efd7df5,Jocelyn,,2 feet
95bc1e18-88c6-4d58-abfb-819fe8b2706a,Papa Hemeray,3be19e17-a94b-46f6-82e8-946267a2b6da,NO FLAVOR
2f37d9f9-99fb-406d-b07a-4e81f3754ef6,Salmon Sunblaze,ec634dcc-9227-4e0e-8858-38537978d0df,Bees
77af9594-f879-472c-bd7d-c606fe10c0da,Indian Gold,,Yellow blend
0edde827-4d82-4b68-8908-ac560f655154,Pinta,2af2744f-bc35-4039-832e-8d59d16d68b7,3714
11ffdbb2-ccd9-441a-beb6-20c4af92de52,Griffs Red,,Red
19970855-e0fc-4075-b50b-66b0daa6cfa0,Alice Vena,,NO FLAVOR
91cc1b67-274d-40ce-9bf1-25874c18dea5,Mrs Norman Watson,,Good
6ac1fa0f-25a6-426c-9be3-0d3fb33a47c5,Helmut Schmidt,,"Medium, 2-4 feet, upright"
c1cd49a1-2e63-4107-8ed0-e9d1653d85da,Harry Maasz,6bf58f3e-36f6-4c55-879e-ac1440e2579f,Cupped
7256981a-83b5-4624-be6a-f1ee52a13ddb,J C Thornton,,"Medium, 3-4 feet, upright"
f4aba19c-24f7-4533-9758-018391bb3d0e,Lidice,71d3e031-15ee-4004-a221-832625497c67,NO FLAVOR
d74fd056-30c1-42dd-b1d2-46b0ecb78caf,Josie Whitney,,NO FLAVOR
cba92b62-0d6b-4cbb-aec0-7211c4e84a6e,Violinista Costa,,Bees
fd2e9aed-690b-4bed-a015-d8c909a1ab80,Soleil Du Monde,c162775f-bdc9-4d3d-bb66-da9ea5662fb0,"Short, 2-3 feet, bushy"
de4cc136-f097-426b-b8a7-bb999e4e7993,Lorenzo Pahissa,,4-5 feet
0859bc88-6e05-446f-91dc-255d455a2a48,Bad Birnbach,ab83ea8b-3162-4af5-84b3-f9df89ed1b86,Deciduous
017050de-a7f2-4f12-a2c8-d2984d08e9a0,Gustav Grunerwald,701b2f66-a384-40c7-b3e1-c3f32c98b949,Good
0981cc89-a5b3-4eee-a840-cb608184f36d,Ice Angel,,1-2 feet
074bbddc-1d26-4ce6-8f68-6048169e0cc5,V For Victory,,Yellow
3a38a903-3099-4a7e-8bff-9ec47384680d,H Wulff,,Bees
ed1a9dcd-89af-4ed9-9448-378f68f75863,Kathleen Ferrier,dd54b39b-4d43-4364-9270-cdf4aede5169,Orange pink
4b008349-e929-4910-960c-19119846333c,Nickelodeon,,Flat
b9f8ce9f-3288-4d25-bfd3-1e813ddfc824,Love Song,a0debe3e-09b5-41bc-b33f-639cb838ff3f,Perennial
af52fe2e-b442-4180-b302-5614763b3d1e,Lexy,,Good
ac41a349-2efc-412f-9633-72833e7f09e2,Warrawee,f4dcd5b9-d1fc-4764-b826-ec5291163f2c,NO FLAVOR
6dbc6ac9-8c86-4ba8-bb53-ab35f4013e76,Double Plum,8e2b7889-4e4c-4a50-83fe-2e89afc788a2,Shrub
19b3187d-e85e-465b-9541-83ec30a526ab,Sylt,571a8b54-aeaa-49cc-9bbf-fa8cd9be6432,706482
79f4c8ad-5e73-4c4a-8e04-50a80556bba2,Royal Velvet,be693da8-d708-454f-894a-81da523242ed,Deciduous
020e5889-a366-48b3-be69-7958ed1685b9,Cajun Spice,,Bees
50381acd-e8d1-470c-92ae-02c4c38b999b,Spaths Jubilaum,d6960069-2206-47ad-9569-e8d1fcddc441,Orange
8c041f02-8301-46a3-b428-1a8a8778caca,Rose Gaujard,,NO FLAVOR
fcbffbeb-187b-4f0d-866a-3f8f4b654bbb,Treasure Trove,48564a15-f475-435c-bb07-15ee7df23d4c,Up to 30 feet tall
a6f35a3c-e7d6-44e7-8d93-8e7d96d9874c,La Plus Belle Des Ponctuees,,Pink blend
68ecf7c1-b227-4f4d-b31c-7256ca31de32,First Choice,41184251-9411-44a1-8265-de1dda173700,Deciduous
272d6bc7-4d12-484d-8517-72a8913c1a50,Shailers White Moss,4eeeb4f0-2a90-4e21-b7d4-4bbb74c4d786,1
c0de1f75-4022-477f-bd8c-34e970473f75,Mambo,,703640
fcbdcb44-c769-44f0-9551-2ecd05251ce4,San Fernando,,Full Sun
07643e96-dcec-4f01-94b1-24066d1bb92c,Troilus,,NO FLAVOR
22e50706-cfff-4203-8ddf-3bfb70b5335a,Ann,,Flat
3c1ac4c7-5a5f-4414-8825-c416280e66ed,Well Being,7b28a3a6-c7c2-4f5f-9cbc-0de86ef90b61,"Medium-tall, 4-5 feet, bushy"
1c0b31e6-ae95-47c1-9fce-9918259275c5,William P J McCarthy,28e757df-a96c-4b43-9217-897a9e7a3c93,William P.J. McCarthy
6c2a2a2d-069d-4ad0-abea-d1c55a6dcbc9,Safrano,e555080c-7c25-4763-9e91-596f98a1a405,NO FLAVOR
1be3d05d-df20-4b7e-84ea-fe3667fb976b,Madame V Dimitriu,c2bf7aed-3fa6-4ab0-b44c-4cc5cf01d674,NO FLAVOR
d8f428d4-03a8-48a6-b5be-0a637d5c5db0,Lily De Gerlache,,Pink
9aa1e08d-8f7c-44ef-bc9c-4d11a1ce995c,Mount Hood,77efd896-0afc-4bb7-a77d-06d125c62d6f,NO FLAVOR
4aef218a-ab4e-41b7-8140-af292a0ccabe,Lyric,28d0ede3-06da-4eb8-9330-4505114d808b,Shrub
6e549b27-d5a3-418e-b517-797f3749587c,Golden Wedding,,Shrub
186760ce-4d4f-4df6-afa3-cc198a298933,Heroes Rose,326581cf-9149-416a-a047-a91485655f34,Full Sun
d7f001e3-db61-4973-a251-c7e2402caca7,Baby Talk,6b1fbd38-f18e-48ec-bac2-539bd0d291b6,NO FLAVOR
22d6f5a9-062a-4268-94c2-b582c047e7bb,Oxyacantha,ac0d49b2-29ab-4840-95b3-c00bb8847670,Showy
e2155f1c-e45f-4663-b5dc-f02c229ade68,Sunblest,,NO FLAVOR
7d5fbfad-1cb1-4e84-9a76-88246eb6a993,Intermezzo,5e499a27-3fda-4b0c-a91d-a783af13a6f4,3705
9aad9cba-cd5c-48a5-9f1f-50f2ef8f4505,J C Hooper,689c9743-0692-4828-865a-1c452d7c8879,None
5459555f-24b3-410a-8735-f4dbb1acfddd,To Mummy,67733eac-567b-461e-a64d-e8956ac57a79,Full Sun
3ed1a9d9-8d9e-4f5e-a0cc-cd3db76f8635,Marytje Cazant,34095c53-9697-46cf-b459-d9962fe25e41,3ed1a9d9-8d9e-4f5e-a0cc-cd3db76f8635
43238f8f-79e0-4718-9785-8650f1d7c821,Lady Huntingfield,db189e03-7cdb-4d20-b14c-e30da4483a36,Deciduous
3dc8d152-772c-4f75-9191-eda4aa1e613f,Oh My,,"Medium, 3-4 feet, bushy"
532fbaa3-eea5-4a9f-8df0-a93b2527b0c6,Honey Bouquet,a9b700ca-88bc-452d-8fe9-8fc1bc0c50d0,Bees
0696472d-d47b-46c8-9f14-a98850fde714,Kings Ransom,b3ba07d6-364a-4f0f-8b79-039c753b46e4,NO FLAVOR
5d74eed0-7925-4bca-bc50-dd9574223c7a,Henri Fouquier,,4-5 feet
7976a3c3-ad5b-4338-bf38-43bc918cf8df,Lavender Ice,82e6ad89-5274-46e8-929c-252095debf07,Lavender Ice
ccd789e5-0ec7-4503-a958-382fd7823efc,St Alban,,Showy
e07c7588-7161-4c6a-9e14-2e42f7f4038f,Dusky Dancer,,2-5 feet
a2133972-bbf3-4c58-a072-eb9f58a7fcfb,Rosa White Out,,NO FLAVOR
4da851c4-6397-4910-857d-bdd9524781aa,Marie Victorin,4f080e07-07f0-464e-bb71-895f405064f0,High-centered
716ea89e-09a2-450c-ba62-3ed5fdf5b146,Monsieur Paul Lede,3519765c-baf7-4451-aba3-ce59d35ac52c,NO FLAVOR
9f996fab-2093-47b2-bd8e-8877908e1523,Fred Gibson,,2233
cec6ea16-b0c8-46cd-a14b-50efe6533239,Summer Surprise,ad54b7bd-d18e-4b74-afb1-49266c5bfce8,Showy
b59b4bf0-b8f3-41da-ab54-c51958060a48,Happy Child,6001723b-28fc-4b66-93e7-a024f07f25b5,Perennial
b871f33f-62bd-4e5a-b6e8-dc17df0ed1d5,Stadt Aschersleben,3fc73e66-f71c-4906-9de6-b9b6750b6b84,NO FLAVOR
4f2dcf3c-7341-423e-8b30-4b9c70ca0095,Parmentier,960b2f13-ba5a-413d-b444-df21fda29f5a,NO FLAVOR
45c82ac6-7c38-4143-a663-938af13b8240,Chrysler Imperial,2dd823af-4581-4a53-b2fa-8b02729d57ed,Perennial
64c68d29-3f4e-4266-b3ff-2cd0393f633f,Iceberg,ad9f1388-5d87-4197-a430-a491f29099c0,NO FLAVOR
170170b5-8a10-4ec3-bcbc-7956e721e4a5,Michael Mander,,NO FLAVOR
c1c9c028-e98a-49b2-8ff0-fb1f1050fc98,Villosa Karpatia,,Full Sun
2d7f6369-ae27-4e5d-ab30-84f00e45c47e,Ghislaine De Feligonde,,148
7b6b5d89-b811-4e9d-8dad-ce1e431662a9,Jeanne De Montfort,,White and white blend
a7c8ccc4-d9ca-4237-affa-289f03f1b041,Frolic,236e7a36-bdd0-4c35-9905-303ca9ab65cf,Mild
a1b1ea9e-ab33-4289-859c-491a575ecd00,Illusion,835648cd-7788-4696-a9d3-340242d2cf26,Showy
9f2b7e8f-1331-4392-85df-b6b6210ff025,Headliner,,"Medium, 3-4 feet, upright"
148d8cbc-7166-48bd-843a-6b8cc21feca1,Lady Luck,e308786f-ed3f-4c8a-ac08-8102ad805179,Pink
c010c020-32b5-4ec3-a85e-e356c7914393,Sunrise Vigorosa,18f74188-0339-4eea-875e-eda8aa57eefb,NO FLAVOR
213a3f3e-6ec3-48e5-95d7-6c3c74b2e8bd,Nancy Jean,,Showy
3741db8e-6be3-4195-adc2-f928fe916f25,The Albrighton Rambler,,Showy
01d773fa-969c-459a-b568-713419aadacc,Kardinal,f44af98e-a1c0-4d4e-b5a0-8f8a69c77295,13
ffacbcc7-8b28-4667-81f5-9e7f8be45599,Nouveau Vulcain,,Full Sun
9f3d18ec-8995-44c8-8297-58a7a3c186eb,Giuseppe Motta,3c57b2fa-84e8-45d4-b49a-670c700b2b36,Deciduous
e68e6d2a-fc7a-4087-b626-6b15bbd2a00b,Polly,,White
8d193529-1882-4da0-8425-269aebc8d5f0,Hansa,,Bees
3216165f-23e6-424a-bf40-fc2e45802e74,Quatre Saisons Blanc Mousseaux,1a2176b0-28bb-4bb2-92f1-359dd4cfdd09,Deciduous
44b7b328-c1e4-4581-b875-206b81caed63,La Maculee,,637
0f8ccd73-586e-41a3-8c24-8dc10f2dcf85,Hansestadt Rostock,99b783f9-2040-4da8-b88c-744ac35d59c1,"Short, 2-3 feet, bushy"
32c8dadc-90e8-4080-8e96-da80fb3f7d87,Little Gigi,fe19d8cc-dc8f-403b-9ad2-e76732d0656f,Deciduous
d7c13510-930d-4180-ba8f-1e40b25a9a7b,Joan Austin,25bca4d8-c0cb-41dd-b9ce-17282de8e702,d7c13510-930d-4180-ba8f-1e40b25a9a7b
8ffd9fff-66f1-4033-a6b4-3f0b942808b5,Patricia Kent,,Yellow
b4d02e15-bf95-4246-aa08-6587a556e69d,Sunny Day,1a45fbff-c320-4a17-8ba3-211a0d1a1d3c,NO FLAVOR
799180ef-2e54-4778-958a-d45d6a3eabea,Indian Summer,300f57cd-be06-4567-b500-99b44d64d8c2,Strong
a0a877a0-ddfa-474d-81c1-54245f5bf479,Tchaikovsky,ea96e559-cefd-4d5e-aca6-6f66195cedd5,Full Sun
4e04d0f2-1369-46bc-a29d-c85a1efbebd0,Sweet Sultan,49955cf3-d125-422e-991c-bdc56acf4026,Flat
50e40f02-2952-4e47-bbe2-f10a0d7b8eb6,Harry Edland,,Showy
f87cfed3-05b0-439e-a059-3921d0103b5a,Mevrouw Nathalie Nypels,2e08cb59-1c02-445b-ba28-8f228e656a80,Medium pink
22e10ce7-8699-4ec7-84d0-db4a2479bf2f,Valencia,,22e10ce7-8699-4ec7-84d0-db4a2479bf2f
85704631-0f1d-4567-b7b3-d062154d74d7,Nancy Shaw,,Nancy Shaw
05fa61c8-d476-4904-b00c-5e3ca6c1fbde,Gold Cup,,Perennial
87e9c4ab-2430-41ac-bd7d-3d5ab25d4f57,Vanessa Bell,196699d2-eb17-411a-b964-ae8401728a43,Deciduous
f3d935de-1525-48dd-a31f-15fc41c2a1ad,Polly Sunshine,,NO FLAVOR
87289be6-58ca-4eb6-9900-e4bfb5fee07f,Arabia,63c0209e-fb27-4415-b07e-4da55872793e,Orange
4d5a9e7d-04f2-4aa0-9751-7604cf370d9b,Huntingtons Hero,a401aacb-19f8-48fa-8526-cb7778cddc2f,494
913f94ef-4f3c-4153-a0a0-856d858027a2,Whoopi,,Full Sun
3972cf91-9bb1-4166-82a6-8bb282493b06,Susan Daniel,,Showy
07e8beae-1f64-4d93-a133-536b25b9e694,Ruby Wedding,,NO FLAVOR
08634bdd-8841-4f68-8e62-06aee3b67665,Muriel Humenick,3793ec7c-1cbc-43de-a281-e4ddac575f68,1989
d8e70f79-b0ec-4259-b55b-aaf7555ce7b7,LAbondance,ef94673f-8696-4152-ac61-05edf2ef4adc,Showy
c6e9c9a1-407a-4fce-8bbb-4349026fcd25,Isabel Renaissance,,Some
685bbe3b-5ccd-4d2f-b700-54dd29236138,Autumnalis,,NO FLAVOR
76be3443-8751-4c90-afbe-6767bb1d2bda,Hi Ho Silver,,Hi Ho Silver
fe51c6ed-d032-4847-9495-ff56931e4e94,Onoei Var Oligantha,,Full Sun
a5bda16d-25c4-4c03-a1c0-0f9a9b5f6d58,Soupert Et Notting,65b3cdb5-1fb5-47fd-b87e-727d084e5dfb,Moss
75fe8114-9329-4473-8f18-c78924828c65,Nordia,,NO FLAVOR
302822c9-2f25-4dad-9a96-65cec8356d09,Julie Delbard,6f87a279-3315-485e-9830-0663f0938219,1481
dab70db3-e958-495e-84ed-db34cccc91aa,Violacee,,None
afa6a892-a8d0-4958-a269-d3bd46665ee8,Valentina Cortese,eadcea4d-2fe7-4391-896e-63124623e82c,Shrub
0c9436a3-3c2b-45db-96f3-60f63dca5e72,Osiria,cecc1b46-e7f9-4f3a-8f4f-5a076fcba5c5,Full Sun
b949b812-8665-4f96-942b-e0c5b736093f,Si,,NO FLAVOR
3fff99d9-00cb-4e87-b5b5-4e5f8ef32127,Gruss An Teplitz,a79696fa-a73f-4fae-ac3a-52ce3560d6ae,NO FLAVOR
441ca612-5f49-4076-9733-9d393d16d643,Anna Wheatcroft,,Shrub
71598b0d-568c-4467-bec5-30b33c02e3c8,J P Chardonnay,b1c16771-5db8-4b64-9235-bf4359a97b63,71598b0d-568c-4467-bec5-30b33c02e3c8
09a9e6a8-2380-4656-a494-90409598ad95,Habanera,7b84c59c-2b84-4a31-a012-941f0fdf9605,Shrub
fe640541-a04c-4bfd-9656-72a1b9806a86,Hanagasumi,4e7a3e58-639c-441e-b75e-334eba0d2795,fe640541-a04c-4bfd-9656-72a1b9806a86
ff0b4bed-9921-4e63-92b3-89ddd11b0932,Benoit Pernin,,Deciduous
ebe4d57e-0961-44a2-871c-735ecba8c497,Ice Dance,2d00d522-6d82-4c1b-a715-10ad4c932b99,NO FLAVOR
9f5de6d8-0d15-415b-9d9f-eeef58c810c2,Marchioness Of Londonderry,,Light pink
41aeb44d-3233-436a-94b0-896fb57e94cb,Avo Alfredo,583e23be-b431-4d8b-a5be-acf5f1743edf,NO FLAVOR
2fbf9cd7-6f03-43ad-ba48-e27f7c1442db,Golden Holstein,,Yellow
bb532ac3-e2b9-47ab-bd20-4dc0184d255b,White Queen Elizabeth,,Good
740b8fdf-16df-4310-92aa-5fcdaee595f0,Violina,71657a17-7e84-4386-8ec4-471e4e8563c5,Deciduous
15021b88-e618-47cb-a353-b91f269222e3,Sweet Inspiration,,NO FLAVOR
93cb06fd-77a4-436b-b387-5f4da5967ddf,Montezuma,,2-3 feet
76c2b4d0-d58d-4b43-af9a-290d22be1704,Madame Bovary,,Pink
b9288554-bb6d-4c81-86f1-ded6b31fb917,Pretty Kiss,,Pretty Kiss
c9cfe458-a89b-48e1-9291-64d6d1f3a0f0,Peach Beauty,,Shrub
03ff71a7-4cf2-4fa9-9a73-033d0dd0716c,Sweet Spot Calypso,,16-20 inches
14b1a60f-e698-435f-8733-eb550a297367,Madame Henri Guillot,63325172-4541-4ae0-8f5d-5d96631533b1,Showy
d0c90389-4524-46ad-a848-384acfbd22c9,Pink A Boo,df73cbc2-5192-441c-8e3c-bc59c4263a5b,Floribunda
cfb248ba-fd4e-4a77-89f6-85fa58086caa,Perfume Tiger,13c75dba-55e0-4ddf-ae50-811744511506,NO FLAVOR
712aa49f-6401-49dc-aeb6-85b1ebdfd809,Never Alone,,Red blend
45d1a191-1467-4e2c-bd90-b2ea0f7ae0db,Graham Thomas,856fa375-afa4-4063-b230-85d4ca96dfda,4-10 feet
6b40f28c-6654-40a3-b8da-e9894a260043,Parkdirektor Riggers,,Parkdirektor Riggers
a7f82154-8287-40d7-9c53-ae13cabf1fb1,Jean Kenneally,65b57033-e872-41b5-876e-c0de577fd03c,1570
638d72bc-24c0-436b-8eb2-809e4f1e3a87,Poulsens Pink,6a21fbbc-61e9-4249-be60-f76f96e24e88,NO FLAVOR
7b917a9b-78c3-463a-8596-a371da4aef95,Johnnie Walker,,Strong
1179cf7f-161e-481b-b57c-1ab424a131e5,Elymaitica,2575c792-cdd9-4c5a-a929-141eb7a4c689,Perennial
b4805756-4c96-422b-8f4c-ca917142fdf8,Miss Charleston,,2-3 feet
f96abe52-9e1d-47c4-b890-7b243a7e0ac9,Queen Bee,4cd6e2e3-9aec-47fe-b6e8-8a081b41a5d8,Shrub
266649d8-12f0-4ba3-9997-2036d7236e18,Joseph F Lamb,,NO FLAVOR
f4a6d058-4d84-40ca-aaa6-76fca99b8c51,Piccadilly,,NO FLAVOR
c30d0da5-760f-4376-820c-41c95c58cd88,Honest Abe,38e46206-e338-4241-85ed-5e71c38a7d04,Moderate
1760e499-c244-4215-9803-dc3b89ff009f,Grand Prize,2f397117-c72d-44fe-bdd7-a4ec96a61ed1,NO FLAVOR
49bffd8f-b53d-4d82-9c1a-297d6d2783c6,Coppelia 76,ea2481e9-3ba9-4241-9c1c-cf25a2bfb05e,NO FLAVOR
0fbe87e0-b4dd-44f5-90c2-4dd92db430cb,Miss Liberty,c30aaf87-db7d-4536-918e-afbc977b05e4,Strong
ff5652db-4000-4e9b-b59a-d2c99c3a5187,Portrait,547a10c3-c56d-4422-b175-aba1ac78719a,Good
24866b49-fcd4-4394-a666-6055d10c49c6,Cara Mia,af09fe36-b779-4bd1-a3a8-0b396213f4d5,24866b49-fcd4-4394-a666-6055d10c49c6
eece9fb7-4482-49b6-8a7b-b75d9f54e18f,Pompon Blanc Parfait,,Cupped
84eb35e6-707b-4b5a-8db7-64c4101ada3d,Goldmarie Cl,,Deciduous
22ef1202-c8d0-4346-a409-418c88bda745,Fred Loads,2fbbf112-a77c-4422-83e3-0839f8b62180,Shrub
683d8027-89b7-4e93-b5c2-9ca32394c62e,Borderer,4d21539a-f854-4ca0-96ad-e7102337fe0b,1-2 feet
6876eea6-17a8-4408-931a-3ad3e9d9c389,Fergus Games,,NO FLAVOR
fae82ed3-6f3c-4006-897a-88f99d2dd7d1,Rosy Floorshow,,NO FLAVOR
d5737845-e581-447d-8e02-a861eaf94e55,Jeanne Lajoie,d8567bf4-bfe2-4101-b8a9-3960e46c9a0b,Shrub
e4cccbbc-8d09-4591-88a3-5d735b1cf092,Sunny Knock Out,54a4c3a7-cc8d-42a2-90bb-b44f28c5b13d,NO FLAVOR
5f8648b3-d64c-47cc-85f8-362614f68f41,Milano,43435dbf-01f8-49be-81ec-125b4388a7ea,Milano
1021fd78-734e-4c9f-b3ef-c929e55b758b,Heathcliff,,Dark red
a51b4655-ef62-4403-9048-6cc00f95fc59,Agnes Winchel,98dcd6be-e33f-482e-98fd-a860158e2e29,771741
3238ee43-fe82-4163-a598-89355f72ff78,Lupo,,Lupo
4164aeca-14f5-47c7-8fc0-1c39c30f0dd6,Lamarque,fc222370-2f33-47d4-94a8-5319dfe6a638,Perennial
c996cbb4-648a-41e5-867b-cf0298130eba,Pinata,e08f7b3c-8ead-447e-b5ce-2b1b9c68ac53,Mild
4ce971f5-01d9-44d3-ae8b-9ce582123470,Golden Princess,6a1b74a5-dab5-4a2a-98c1-da3bcf1c3bb4,Deciduous
ae0dc19c-f797-4efc-ae8c-e114f05c4c39,Pink Mystery,,Full Sun
b2803fcf-a4aa-4b31-9ed5-03ff9a3ee01a,Sister Elizabeth,ef4a8517-2946-4490-a630-278b1218d15c,2-3 feet
45723472-54ed-4c81-aa67-b9a1a1678743,Mrs Robinson,d82af944-ea21-414a-987d-863b168f93ee,4124
d69987a9-ab14-413b-bef9-2ccb96d8e51c,Phantom,,Shrub
15b6406d-4dc7-4af6-be65-2a308db359a1,Micrantha Subsp Micrantha,,NO FLAVOR
4c4fc7fc-3881-4201-b2a0-a3ed5b2cc5e8,Madame Norbert Lavavasseur,,Good
7c0e620c-6045-4207-a5de-164d9f169cde,Wild Blue Yonder,4234d640-fd13-4ab0-848d-9cd4f9ee845e,NO FLAVOR
f1b6932d-40eb-4300-ad12-9d0d13e500f0,Pink Chiffon,56263909-1453-489d-96c6-ac166ff5ed34,Floribunda
d72dcf30-17da-404c-83af-cb94ef581a18,Soul,,NO FLAVOR
7bb733f1-6ec9-4182-accf-f1ce7b2492e7,Sweet Spot Ruby,8ca4181a-e415-4c54-96c6-dec230708b2a,Showy
8f432e5f-bb13-4613-aa23-b45b647e5df2,Ville De Paris,,NO FLAVOR
6e0d1418-fe45-4164-a616-8a68f66fb009,Hobby,,Hobby
1f1cad52-3bc2-4c6c-ae1e-a32f0820f8c1,Polonaise,,1f1cad52-3bc2-4c6c-ae1e-a32f0820f8c1
7fb32969-ed16-44f2-bf36-1878990f48af,The Prioress,3d5c804b-867e-4844-a130-34715e11206d,NO FLAVOR
4752d68c-1c37-4a62-970f-e972b7ce34eb,Waldtraut Nielson,b1bd9f17-cdce-4e2c-b422-3a51f89169d6,Deep pink
abfee711-90c3-41f2-9cad-570602fe70a0,Ruth Bell Graham Rose,,2-3 feet
e5ac80c8-caef-4b91-97f8-4e8bb16f17bf,Merryglo,44052c1a-565a-44b7-902e-807049a4b895,Shrub
83d62d79-2d0d-4f36-9e9f-10b4a1f76954,Great Ormond Street,,Strong
066a57b1-24b5-4ba7-97b2-fa06dd04c9d8,Veronica 92,27aaa0da-ae05-4088-86ba-858e28447a6a,NO FLAVOR
12d619a3-772d-446a-bd49-30b0367c7526,Anna Olivier,d4fa2229-7be0-486d-a729-6dd452900347,1735
412d2ba4-3d9d-4a29-99d7-0942f2d3e247,Heidekonigin,64085c88-4aab-467e-9a9b-3e782e60a651,Pink
2023ef7f-40b8-440c-b746-45825b7fd1ca,Giselas Delight,f6e57a7f-2817-4095-938f-2e720ab7d7ad,2023ef7f-40b8-440c-b746-45825b7fd1ca
f677d6a5-9311-4145-ad5e-526e0c4bc7d3,Roman Holiday,f96e6fbf-379a-4cd6-9935-07d79135fa48,Red blend
9d6baff5-0235-4535-b82d-51f478c67142,Lemon Zest,,Bees
21185bbd-2bbd-462f-93f8-f7d433b55907,Caramba,79cf4118-cfc1-4d4b-a1b1-093cca7513e6,NO FLAVOR
bf4ee9a7-347c-46e8-87d8-88f6b34d4668,Orange Elf,,680238
d5bff15a-cdc9-4437-b9ab-39d669748b80,Soaring Flight,94a6c327-8eaa-4da0-97da-5bcfb664be67,12-15 feet
22db47c9-62fc-41e0-96c4-901a61b3a085,Serenade,,Perennial
2af2aa08-3c8f-4b42-b882-5b7c5304f766,Sweet Juliet,,Sweet Juliet
148088b4-e3ae-4b07-8880-baa9c0666e8a,Mademoiselle De Sombreuil,2e0b5617-48da-4abe-9342-d201bab12ce7,Mademoiselle de Sombreuil
25a31946-2cf6-4225-9b71-0c47c473250e,La Biche,,Full Sun
029af384-a2ea-4788-97c5-5a8c8f9b0b78,Poulsens Pearl,475b8bd6-5075-4fdf-92da-33d37f3bde4b,Full Sun
3c69f31b-5a0d-4026-b285-0d686fecc534,Russanovii,05e18d35-0cfb-4d03-875b-4abe01bfdb60,Deciduous
c665e9b3-cb0a-4768-9f15-8ca495d8122c,Babette,87e7c6e7-80ff-4f23-9667-e3459e26fb82,10-15 feet
8cc6f95f-b5ef-4e0a-b6f9-6eaad5be0e6c,Clementina Carbonieri,,3-4 feet
7ea118e9-560b-4494-801e-fafd41f46e6d,Show N Tell,ea88df96-fd14-46ee-8134-917d4f08cba7,NO FLAVOR
d76e57cb-4bf5-490b-a13a-4438aeb185ac,Irene Marie,,Good
d7a0f44d-adeb-4207-9e95-9bf9ec3cc8d3,Letchworth Centenary,732dcc7a-8a9f-40e8-829b-0bc9cddeffd8,NO FLAVOR
24fa83b5-c806-44a7-ae1c-a2a1f157d0b2,Santa Claus,3076c931-9004-4b58-b233-90bcf9b3d482,NO FLAVOR
d5a66d7d-060e-4bef-a636-e3d83e1f1467,Taranga,,NO FLAVOR
e5d9178f-9f4d-4901-b978-93232baa8783,Quaker Star,84ee4fd1-f7f5-4e88-a7ad-dc3f7ceb2c25,Deciduous
9ec4f335-f3c9-469f-9e18-12d36dce0956,Princess Alexandra,da539f57-9939-452b-9c58-3efb590a92d2,Princess Alexandra
238bcbe2-4b80-497b-9d90-1a774cd91989,Beggeriana Nigrescens,772ee8a7-1f5f-4cd2-b951-71a6db169811,Nigrescens
369b0f82-f60f-4f22-9527-4bf884b1a133,Julien Potin,87314ada-abdf-4e0c-9570-312f1399462c,Showy
e1f16a9f-6afa-49b8-bb6f-c3e0c27381fb,Pacesetter,1f605dcf-d41b-412e-8750-d8eb785b1ce8,NO FLAVOR
67fdc472-82a1-4946-8c0a-d74b218e0911,Jessika,57c8b1ce-dc55-4a02-bfe9-b8a8f6d9e883,4051
22319bf5-67ff-4f29-a981-d8771fee393a,White Surprise,43c1e189-99fc-47d9-a9b5-1462dfe2e210,Some
ed36de40-b3e0-4e12-ba5a-720bbe7b1a80,La Noblesse,ccce7f84-6f22-4cab-92ff-309e8a7fdf2f,Cupped
212ac133-bebc-4f25-a2f7-153bdaeb621d,Queen Nefertiti,,Bees
a6c52bf4-54d4-48d0-a49e-2bb28e7b2dba,Regine Crespin,,NO FLAVOR
fe462027-e42a-415d-9c9d-8924af3fbd56,Sue Lawley,,fe462027-e42a-415d-9c9d-8924af3fbd56
5daa736f-f173-414f-9956-c3d43cc75d3f,Spanish Sunset,a8891a61-2db6-46a4-bb6a-b886f841b2bd,Showy
05a61c64-8949-4c89-8a56-b3a972ebc1da,Snowdrift,c2a921c5-d4eb-437b-8c95-d11cc90a1cac,Perennial
ef9e9015-aeea-4e7a-95ce-c75e546e1d06,Our Anniversary,,ef9e9015-aeea-4e7a-95ce-c75e546e1d06
7e3be137-77ce-4c38-9893-e9ff35c9df95,Mousseux Du Japon,d4f8aa0a-409f-4598-bef5-878f5e02b017,Medium pink
f9fbc13b-1de2-40cc-8b83-f27862457fe9,Grimaldi,b8e73d9a-b212-4e97-929a-6036ddb2730a,Bees
b3db0815-8983-413d-bba8-613eb645bc04,Rival De Paestum,,394
3bcae574-9d21-4e04-a578-b36baeaa7c95,Admirable,c4798b39-01fc-47c3-ae3a-65d75899b660,Strong
0d53c4d2-e9cd-48f5-ab0c-a9a240ded9f4,Northamptonshire,,NO FLAVOR
805ad10e-3859-4bd5-913d-43bd23a6af56,Morden Sunrise,17a32355-a5a9-4655-9bd1-243b98e1306e,Full Sun
3016e259-afcf-4cfe-aea9-c4bee67b9dca,Good Morning,,NO FLAVOR
22e4d2b3-bdb0-4555-b816-b1d922f23ba3,Westerland,608021fd-98fb-4dd0-b6f1-99e3b456d5dc,22e4d2b3-bdb0-4555-b816-b1d922f23ba3
dc988a59-be4b-4f12-b411-76b3eff00ad0,Will Alderman,9134d6f1-9d17-47ee-8ab4-7644895a4164,NO FLAVOR
254f5deb-3fb6-4a7f-a6f7-3365debf766f,Medusa,,Perennial
ea11e16b-4b0f-4954-9930-365b35dc7c59,Perle DOr,,Perennial
5d2e2ff6-3850-4afc-94f2-b0f70ad4f8dc,Gloire Des Mousseuses,8f752dfa-e0ab-4752-a071-ef9cc1a964cf,Deciduous
f0da84e6-ae90-4270-8ff2-c5f065e7a8f5,Rita Applegate,,Light yellow
494b3568-1e11-4762-ae71-a0f73d9bca2a,Gruss An Coburg,d8a9af45-cade-4190-b3fe-6af80ff6e585,NO FLAVOR
4488de33-1472-46b6-914d-96b943dace21,Aenne Burda,2762eef1-f83a-4247-b743-efce852f833a,Bees
0062743c-ae79-49aa-8895-35e90c2ba407,Pompon De Paris Cl,,Full Sun
b633f63c-f52f-4f62-b118-ae60b198a3df,Laura Ford,,Medium yellow
91d72d67-8e09-43af-8baa-397249597ad5,Paw Maw,498a382e-eda0-4b65-9e53-d7c32c434095,Good
9d7d84ea-7f78-4a29-ad5e-429d49ef17ae,Percy Thrower,06a0155d-82ed-45d5-92a9-7fe7f53842f6,NO FLAVOR
b9b0f021-8ea3-4416-9e55-0898c31ffcbc,Lady Elgin,cf865034-cfc8-44dd-86ce-b98bbc64a858,NO FLAVOR
c3b078f6-fb2e-482b-9166-7b219d4d84fd,Moyesii Hillieri,b7f9d3dd-7593-4195-a11e-4dd6dcd28241,NO FLAVOR
d5a4d903-79a8-4916-acf6-494b8b667df7,Tarde Gris,9c626710-6f7e-43fa-b6db-eab591e0f63f,3-4 feet
47f9c016-b020-4151-9468-01e0418b83a9,Plum Frost,4bfa59bd-4d90-4ea5-bee3-88460dc08277,Shrub
f2e17bbd-74b8-4768-8034-c8993370cdc1,Hoot N Holler,f405e792-fab1-45de-b9fd-e86c14cd386d,Miniature
3ff4ac3e-e591-4958-9ca3-bb50065a0855,Kiss Kordana,,"Very short, 8 inches to 2 feet"
6b59ed78-51f5-4807-827c-94191ef88a62,Rita Sammons,97bcd04b-aaeb-4d92-bee8-ef8e637a2c8f,NO FLAVOR
e8ef14a4-24a9-4a59-9bdc-c70e4ee4cea2,Maman Cochet,,Showy
dde7ec13-1b3e-4210-a629-ec469f9c31fb,Little White Pet,ce42ad77-59d8-47a4-b6af-b4a5ac02e733,White and white blend
f124c447-2262-4750-b016-d0689734e653,Amorous,,f124c447-2262-4750-b016-d0689734e653
480e1aec-3c3b-4fa1-83b8-68ef9222f32d,Adorabelle,7f9fd3cf-9a3a-49aa-9c3d-9fb5195b8ee8,480e1aec-3c3b-4fa1-83b8-68ef9222f32d
24ec72f1-db16-4be3-b923-8fcd15147508,Summer Song,,Summer Song
5317515f-4312-4526-82ef-764c842db870,Violet Queen,,Violet Queen
ed2462d5-9bef-45dc-bc44-6098965c2d89,Grand Prix,57ea29f9-639b-4236-8ec9-2d427fe3800f,Deciduous
3e5a4c1f-e44c-448c-be27-07907305a649,Julie Andrews,186c576c-9e60-458f-a68d-6637ae6c1f77,Julie Andrews
e164b167-05b8-4449-b444-8bcc97248e61,Le Pactole,482e5c76-78a4-457c-b5b3-a0c790eb7b1d,3-4 feet
65064d32-1d9c-467e-903b-bcd1bddaa265,Aglaia,d02accdc-31b3-4962-9b04-d3280773a793,Full Sun
cfa0f9c2-a611-42d3-a84c-d9dfc06f4fbf,Luscious,,Luscious
ce36b73b-8cea-4444-9f15-bbf1cde6faca,Louisiana,e6f94871-662a-40ff-b2eb-623513b46bfa,NO FLAVOR
